,date,temperature_2m,precipitation,wind_speed_10m,wind_direction_10m,race_id,hour
5,2018-03-25 05:00:00,74.225296,0.0,17.609894,295.58847,989,5
6,2018-03-25 06:00:00,73.1453,0.0,16.783464,291.0924,989,6
7,2018-03-25 07:00:00,70.985306,0.0,17.57149,301.46408,989,7
8,2018-03-25 08:00:00,68.5553,0.0,13.24372,322.54935,989,8
9,2018-03-25 09:00:00,67.2053,0.0,10.054064,290.85452,989,9
15,2018-04-08 15:00:00,81.347,0.0,9.511855,48.814175,990,15
16,2018-04-08 16:00:00,79.547005,0.0,9.174428,44.999897,990,16
17,2018-04-08 17:00:00,78.557,0.0,7.9342575,49.574005,990,17
18,2018-04-08 18:00:00,77.927,0.0,6.0191517,48.01287,990,18
19,2018-04-08 19:00:00,77.117004,0.0,5.2414584,39.805527,990,19
6,2018-04-15 06:00:00,64.9283,0.0,9.083983,350.07382,991,6
7,2018-04-15 07:00:00,64.7483,0.0,8.686936,348.11136,991,7
8,2018-04-15 08:00:00,64.1183,0.0,6.8621593,340.9743,991,8
9,2018-04-15 09:00:00,62.6783,0.0,4.3434687,325.4914,991,9
10,2018-04-15 10:00:00,57.1883,0.0,5.0020843,10.304792,991,10
12,2018-04-29 12:00:00,60.7703,0.0,25.964624,1.9748993,992,12
13,2018-04-29 13:00:00,59.4203,0.0,25.293932,2.0272868,992,13
14,2018-04-29 14:00:00,57.6203,0.0,23.05087,1.6683058,992,14
15,2018-04-29 15:00:00,56.0903,0.0,20.13797,1.2730018,992,15
16,2018-04-29 16:00:00,55.5503,0.0,19.920607,358.06946,992,16
13,2018-05-13 13:00:00,59.4482,0.1023622,10.749245,167.98854,993,13
14,2018-05-13 14:00:00,59.7182,0.015748031,8.003335,153.43501,993,14
15,2018-05-13 15:00:00,59.8982,0.03937008,5.9690604,102.99462,993,15
16,2018-05-13 16:00:00,59.6282,0.0,9.683911,96.63242,993,16
17,2018-05-13 17:00:00,58.5482,0.0,9.215245,84.4279,993,17
13,2018-05-27 13:00:00,77.5364,0.0118110245,10.265856,78.6901,994,13
14,2018-05-27 14:00:00,78.5264,0.0,7.024322,99.16227,994,14
15,2018-05-27 15:00:00,77.446396,0.003937008,4.1065865,60.64234,994,15
16,2018-05-27 16:00:00,76.8164,0.0,4.343468,101.88863,994,16
17,2018-05-27 17:00:00,75.7364,0.0,5.0020843,79.69521,994,17
18,2018-06-10 18:00:00,66.3836,0.0,3.607054,7.12493,995,18
19,2018-06-10 19:00:00,67.1936,0.0,2.0256896,6.3401003,995,19
20,2018-06-10 20:00:00,67.373604,0.0,1.0004169,26.564985,995,20
21,2018-06-10 21:00:00,67.4636,0.0,1.2046614,158.19853,995,21
22,2018-06-10 22:00:00,67.6436,0.0,3.9067528,193.24052,995,22
14,2018-06-24 14:00:00,72.248,0.0,4.1065865,150.64235,996,14
15,2018-06-24 15:00:00,72.968,0.0,2.8647578,128.65984,996,15
16,2018-06-24 16:00:00,71.978004,0.0,0.7074015,71.564964,996,16
17,2018-06-24 17:00:00,70.898,0.0,1.6285605,105.945465,996,17
18,2018-06-24 18:00:00,69.548004,0.0,1.8981575,135.0001,996,18
13,2018-07-01 13:00:00,65.4026,0.0,5.405955,114.44395,997,13
14,2018-07-01 14:00:00,67.0226,0.0,3.607054,119.74479,997,14
15,2018-07-01 15:00:00,66.6626,0.0,4.6116934,129.09386,997,15
16,2018-07-01 16:00:00,63.3326,0.0,6.673612,129.55963,997,16
17,2018-07-01 17:00:00,61.1726,0.0,6.023307,121.328636,997,17
13,2018-07-08 13:00:00,80.820496,0.0,7.9845543,348.6901,998,13
14,2018-07-08 14:00:00,82.530495,0.0,8.420753,343.0091,998,14
15,2018-07-08 15:00:00,83.7905,0.0,8.423723,349.28693,998,15
16,2018-07-08 16:00:00,82.1705,0.0,12.598898,353.88458,998,16
17,2018-07-08 17:00:00,80.460495,0.0,10.760877,20.695532,998,17
13,2018-07-22 13:00:00,74.8994,0.0511811,8.225348,315.0001,999,13
14,2018-07-22 14:00:00,78.2294,0.0,7.618947,319.7637,999,14
15,2018-07-22 15:00:00,79.0394,0.0,5.8547893,6.581848,999,15
16,2018-07-22 16:00:00,77.0594,0.003937008,7.024322,9.16228,999,16
17,2018-07-22 17:00:00,76.6994,0.0,3.3629484,356.186,999,17
13,2018-07-29 13:00:00,91.11381,0.0,6.651079,317.72638,1000,13
14,2018-07-29 14:00:00,91.0238,0.0,8.605911,332.1028,1000,14
15,2018-07-29 15:00:00,90.213806,0.0,11.845542,349.11453,1000,15
16,2018-07-29 16:00:00,86.07381,0.0,9.660629,42.184383,1000,16
17,2018-07-29 17:00:00,85.9838,0.0,3.5370076,18.435053,1000,17
13,2018-08-26 13:00:00,62.6306,0.0,10.243897,211.60745,1001,13
14,2018-08-26 14:00:00,63.1706,0.0,11.546041,215.53777,1001,14
15,2018-08-26 15:00:00,62.1806,0.0,11.231878,224.19316,1001,15
16,2018-08-26 16:00:00,62.6306,0.0,9.650264,224.0609,1001,16
17,2018-08-26 17:00:00,60.5606,0.003937008,9.429956,202.30626,1001,17
13,2018-09-02 13:00:00,67.526596,0.003937008,2.062412,12.528798,1002,13
14,2018-09-02 14:00:00,67.8866,0.0,2.0008337,333.43503,1002,14
15,2018-09-02 15:00:00,68.0666,0.0,3.689355,75.96373,1002,15
16,2018-09-02 16:00:00,67.0766,0.0,3.3851953,97.59455,1002,16
17,2018-09-02 17:00:00,66.446594,0.0,1.9112936,69.44387,1002,17
12,2018-09-16 12:00:00,82.6502,0.0,11.220735,184.57384,1003,12
13,2018-09-16 13:00:00,81.1202,0.0,8.43263,158.19853,1003,13
14,2018-09-16 14:00:00,79.9502,0.0,7.5197816,120.37905,1003,14
15,2018-09-16 15:00:00,79.9502,0.0,9.204379,115.94224,1003,15
16,2018-09-16 16:00:00,79.9502,0.0,8.594274,128.65984,1003,16
11,2018-09-30 11:00:00,72.932,0.0,7.651717,322.12497,1004,11
12,2018-09-30 12:00:00,73.742004,0.0,5.6103673,336.5014,1004,12
13,2018-09-30 13:00:00,74.102005,0.0,5.188683,7.4313188,1004,13
14,2018-09-30 14:00:00,73.472,0.0,2.6183414,70.01681,1004,14
15,2018-09-30 15:00:00,74.642,0.0,0.9223387,345.9637,1004,15
5,2018-10-07 05:00:00,78.9224,0.0,11.090649,311.72943,1005,5
6,2018-10-07 06:00:00,77.8424,0.0,11.285216,309.3693,1005,6
7,2018-10-07 07:00:00,76.1324,0.0,9.71229,298.92633,1005,7
8,2018-10-07 08:00:00,73.2524,0.0,10.551908,291.1248,1005,8
9,2018-10-07 09:00:00,71.1824,0.0,11.6324005,292.6199,1005,9
18,2018-10-21 18:00:00,68.2457,0.0,11.113185,40.10085,1006,18
19,2018-10-21 19:00:00,69.5057,0.0,10.65573,39.03552,1006,19
20,2018-10-21 20:00:00,70.0457,0.0,10.4278755,35.39489,1006,20
21,2018-10-21 21:00:00,70.2257,0.0,10.860399,32.38066,1006,21
22,2018-10-21 22:00:00,69.415695,0.0,10.627515,30.343174,1006,22
19,2018-10-28 19:00:00,68.2664,0.007874016,4.6116934,14.036275,1007,19
20,2018-10-28 20:00:00,67.3664,0.003937008,1.7471529,50.194473,1007,20
21,2018-10-28 21:00:00,66.2864,0.003937008,1.0004169,153.43501,1007,21
22,2018-10-28 22:00:00,65.9264,0.0,2.942314,8.746089,1007,22
23,2018-10-28 23:00:00,64.2164,0.0,6.651079,19.653913,1007,23
17,2018-11-11 17:00:00,74.1983,0.0118110245,10.435072,149.03632,1008,17
18,2018-11-11 18:00:00,71.8583,0.0,12.670191,137.86247,1008,18
19,2018-11-11 19:00:00,71.7683,0.0,11.915043,129.6678,1008,19
20,2018-11-11 20:00:00,70.5083,0.0,9.8529625,129.47243,1008,20
21,2018-11-11 21:00:00,69.2483,0.0,8.594274,128.65984,1008,21
13,2018-11-25 13:00:00,90.3551,0.0,10.704927,206.02953,1009,13
14,2018-11-25 14:00:00,87.2051,0.0,5.8547893,276.58185,1009,14
15,2018-11-25 15:00:00,77.3051,0.0118110245,17.741539,5.063538,1009,15
16,2018-11-25 16:00:00,76.1351,0.0118110245,19.005285,42.13753,1009,16
17,2018-11-25 17:00:00,76.6751,0.0,14.085998,69.55037,1009,17
5,2019-03-17 05:00:00,75.9353,0.0,8.562188,199.8553,1010,5
6,2019-03-17 06:00:00,74.0453,0.0,9.429956,202.30626,1010,6
7,2019-03-17 07:00:00,73.3253,0.0,8.084209,194.4208,1010,7
8,2019-03-17 08:00:00,72.0653,0.0,6.9093976,209.0545,1010,8
9,2019-03-17 09:00:00,69.3653,0.0,6.7629957,235.78424,1010,9
15,2019-03-31 15:00:00,78.737,0.0,21.057526,93.044716,1011,15
16,2019-03-31 16:00:00,77.657,0.0,20.889317,99.865746,1011,16
17,2019-03-31 17:00:00,77.927,0.0,21.019468,106.699326,1011,17
18,2019-03-31 18:00:00,78.557,0.0,21.975039,112.12639,1011,18
19,2019-03-31 19:00:00,78.827,0.0,20.32841,114.02651,1011,19
6,2019-04-14 06:00:00,65.6483,0.0,12.309598,19.093594,1012,6
7,2019-04-14 07:00:00,64.1183,0.0,12.672167,20.67451,1012,7
8,2019-04-14 08:00:00,62.318302,0.0,11.7564945,21.194136,1012,8
9,2019-04-14 09:00:00,60.4283,0.0,8.8127575,23.962492,1012,9
10,2019-04-14 10:00:00,58.1783,0.0,5.524982,31.75944,1012,10
12,2019-04-28 12:00:00,63.8303,0.0,12.811586,192.09474,1013,12
13,2019-04-28 13:00:00,62.5703,0.0,12.695837,194.28113,1013,13
14,2019-04-28 14:00:00,60.6803,0.0,12.174706,200.4329,1013,14
15,2019-04-28 15:00:00,58.790302,0.0,11.608715,205.08356,1013,15
16,2019-04-28 16:00:00,57.9803,0.0,9.678741,213.6901,1013,16
13,2019-05-12 13:00:00,66.0182,0.0,13.849542,148.8776,1014,13
14,2019-05-12 14:00:00,64.9382,0.0,8.102758,173.6599,1014,14
15,2019-05-12 15:00:00,67.1882,0.0,5.3734584,182.3859,1014,15
16,2019-05-12 16:00:00,67.1882,0.0,7.327669,167.66092,1014,16
17,2019-05-12 17:00:00,64.1282,0.0,7.499791,162.64589,1014,17
13,2019-05-26 13:00:00,67.8164,0.015748031,3.0012505,243.43501,1015,13
14,2019-05-26 14:00:00,70.0664,0.0,2.0133,270.0,1015,14
15,2019-05-26 15:00:00,69.5264,0.0,2.942314,261.2539,1015,15
16,2019-05-26 16:00:00,69.5264,0.0,2.9081,270.0,1015,16
17,2019-05-26 17:00:00,69.8864,0.0,1.9243401,215.53777,1015,17
18,2019-06-09 18:00:00,78.9836,0.0,8.7357645,182.93561,1016,18
19,2019-06-09 19:00:00,79.9736,0.0,7.6582546,186.70975,1016,19
20,2019-06-09 20:00:00,80.2436,0.0,6.7147274,178.0909,1016,20
21,2019-06-09 21:00:00,79.2536,0.0,7.2865787,162.12122,1016,21
22,2019-06-09 22:00:00,77.0936,0.0,7.4361324,158.83867,1016,22
13,2019-06-23 13:00:00,82.507996,0.0,7.3139977,246.57129,1017,13
14,2019-06-23 14:00:00,82.598,0.0,7.8038926,242.7005,1017,14
15,2019-06-23 15:00:00,81.428,0.0,7.8263035,239.03632,1017,15
16,2019-06-23 16:00:00,78.908,0.0,7.5695267,235.84026,1017,16
17,2019-06-23 17:00:00,76.298004,0.0,6.502709,243.43501,1017,17
13,2019-06-30 13:00:00,92.8526,0.0,5.3734584,182.3859,1018,13
14,2019-06-30 14:00:00,91.862595,0.0,6.7703905,172.40544,1018,14
15,2019-06-30 15:00:00,89.5226,0.0,7.063396,169.04597,1018,15
16,2019-06-30 16:00:00,87.0026,0.0,6.142592,169.50858,1018,16
17,2019-06-30 17:00:00,83.4926,0.0,4.8290186,166.60748,1018,17
13,2019-07-14 13:00:00,64.4405,0.007874016,7.3379054,37.568665,1019,13
14,2019-07-14 14:00:00,67.320496,0.0,7.0029173,26.564985,1019,14
15,2019-07-14 15:00:00,67.5005,0.003937008,9.212529,29.054508,1019,15
16,2019-07-14 16:00:00,66.0605,0.0,10.362889,32.660904,1019,16
17,2019-07-14 17:00:00,66.24049,0.0,9.309791,35.217674,1019,17
13,2019-07-28 13:00:00,75.0794,0.003937008,4.9416943,264.80566,1020,13
14,2019-07-28 14:00:00,76.7894,0.003937008,6.8621593,250.9743,1020,14
15,2019-07-28 15:00:00,71.8394,0.027559055,10.435072,300.96368,1020,15
16,2019-07-28 16:00:00,71.1194,0.01968504,11.600091,309.52258,1020,16
17,2019-07-28 17:00:00,69.6794,0.027559055,9.223387,292.83368,1020,17
13,2019-08-04 13:00:00,72.0338,0.0,1.803527,240.2552,1021,13
14,2019-08-04 14:00:00,72.6638,0.0,2.9166913,327.52884,1021,14
15,2019-08-04 15:00:00,72.843796,0.0,2.2031894,336.0375,1021,15
16,2019-08-04 16:00:00,72.6638,0.0,0.31635958,224.9999,1021,16
17,2019-08-04 17:00:00,71.6738,0.0,1.803527,150.2552,1021,17
13,2019-09-01 13:00:00,61.910603,0.0,8.939608,301.7014,1022,13
14,2019-09-01 14:00:00,62.6306,0.0,8.632038,301.21835,1022,14
15,2019-09-01 15:00:00,63.7106,0.0,9.130688,300.96368,1022,15
16,2019-09-01 16:00:00,63.5306,0.0,8.376063,304.1145,1022,16
17,2019-09-01 17:00:00,62.8106,0.0,8.565111,310.76352,1022,17
13,2019-09-08 13:00:00,66.5366,0.003937008,3.3629484,93.814,1023,13
14,2019-09-08 14:00:00,67.526596,0.0,0.4474,90.0,1023,14
15,2019-09-08 15:00:00,67.6166,0.0,1.5817978,188.13002,1023,15
16,2019-09-08 16:00:00,66.9866,0.0,1.1185,180.0,1023,16
17,2019-09-08 17:00:00,65.096596,0.0,1.5817978,135.0001,1023,17
12,2019-09-22 12:00:00,82.6502,0.0,14.828459,123.92984,1024,12
13,2019-09-22 13:00:00,82.6502,0.0,13.124157,119.62366,1024,13
14,2019-09-22 14:00:00,82.9202,0.0,10.504376,116.56499,1024,14
15,2019-09-22 15:00:00,82.8302,0.0,9.108739,114.67685,1024,15
16,2019-09-22 16:00:00,82.4702,0.0,7.2865787,107.87879,1024,16
11,2019-09-29 11:00:00,67.982,0.003937008,6.2675934,177.95464,1025,11
12,2019-09-29 12:00:00,67.352005,0.007874016,7.4125414,174.80566,1025,12
13,2019-09-29 13:00:00,67.442,0.003937008,6.54872,187.85323,1025,13
14,2019-09-29 14:00:00,66.542,0.0,3.8225873,200.55612,1025,14
15,2019-09-29 15:00:00,63.932,0.0,2.1103816,237.99466,1025,15
5,2019-10-13 05:00:00,70.73241,0.0,17.073162,301.60745,1026,5
6,2019-10-13 06:00:00,69.5624,0.0,16.426346,299.35767,1026,6
7,2019-10-13 07:00:00,67.8524,0.0,14.6279955,293.4287,1026,7
8,2019-10-13 08:00:00,65.6024,0.0,14.248478,292.13553,1026,8
9,2019-10-13 09:00:00,64.1624,0.0,13.718848,294.05734,1026,9
19,2019-10-27 19:00:00,69.5264,0.015748031,1.5006253,243.43501,1027,19
20,2019-10-27 20:00:00,69.0764,0.031496063,3.613984,248.19853,1027,20
21,2019-10-27 21:00:00,67.5464,0.08661418,1.8446774,345.9637,1027,21
22,2019-10-27 22:00:00,67.6364,0.03543307,3.407297,336.8014,1027,22
23,2019-10-27 23:00:00,63.3164,0.098425195,4.9518104,18.435053,1027,23
19,2019-11-03 19:00:00,66.8057,0.0,10.093803,167.19574,1028,19
20,2019-11-03 20:00:00,67.6157,0.0,11.106429,170.72748,1028,20
21,2019-11-03 21:00:00,67.7957,0.0,10.774819,175.23645,1028,21
22,2019-11-03 22:00:00,67.6157,0.0,11.018218,174.17375,1028,22
23,2019-11-03 23:00:00,65.7257,0.0,8.905957,168.40785,1028,23
17,2019-11-17 17:00:00,66.3683,0.0,16.311703,154.84073,1029,17
18,2019-11-17 18:00:00,65.6483,0.0,14.643383,145.58157,1029,18
19,2019-11-17 19:00:00,64.0283,0.0,13.806114,139.60017,1029,19
20,2019-11-17 20:00:00,63.4883,0.0,13.380925,141.78893,1029,20
21,2019-11-17 21:00:00,60.8783,0.0,12.860319,139.93929,1029,21
13,2019-12-01 13:00:00,78.3851,0.0,11.602247,326.0035,1030,13
14,2019-12-01 14:00:00,77.1251,0.0,9.24777,327.84772,1030,14
15,2019-12-01 15:00:00,76.2251,0.0,8.8127575,336.0375,1030,15
16,2019-12-01 16:00:00,75.1451,0.0,6.203391,334.35904,1030,16
17,2019-12-01 17:00:00,73.8851,0.0,5.3172884,337.75092,1030,17
13,2020-07-05 13:00:00,78.9926,0.0,2.1222045,161.56496,1031,13
14,2020-07-05 14:00:00,79.8026,0.0,1.304384,30.963696,1031,14
15,2020-07-05 15:00:00,78.9026,0.0,3.9067528,66.37061,1031,15
16,2020-07-05 16:00:00,77.64259,0.0,5.5340323,104.03627,1031,16
17,2020-07-05 17:00:00,74.9426,0.0,4.703023,115.34614,1031,17
13,2020-07-12 13:00:00,67.292595,0.0,6.2395864,14.534496,1032,13
14,2020-07-12 14:00:00,66.4826,0.0,7.063396,10.954029,1032,14
15,2020-07-12 15:00:00,65.4026,0.0,7.1618943,14.470333,1032,15
16,2020-07-12 16:00:00,63.872597,0.0,5.645932,33.6901,1032,16
17,2020-07-12 17:00:00,62.8826,0.0,3.9828653,51.842735,1032,17
13,2020-07-19 13:00:00,64.0238,0.07086614,7.9089894,61.26031,1033,13
14,2020-07-19 14:00:00,65.9138,0.015748031,8.57387,74.875946,1033,14
15,2020-07-19 15:00:00,66.6338,0.003937008,7.1618943,75.52967,1033,15
16,2020-07-19 16:00:00,67.8038,0.0,7.4663534,81.38444,1033,16
17,2020-07-19 17:00:00,67.8938,0.0,6.1058216,81.57312,1033,17
13,2020-08-02 13:00:00,68.3105,0.0,11.124436,254.84587,1034,13
14,2020-08-02 14:00:00,69.3005,0.0,10.968146,258.23172,1034,14
15,2020-08-02 15:00:00,69.210495,0.0,11.187237,258.4654,1034,15
16,2020-08-02 16:00:00,68.8505,0.0,10.444658,260.13425,1034,16
17,2020-08-02 17:00:00,68.2205,0.0,9.196219,274.18484,1034,17
13,2020-08-09 13:00:00,77.0405,0.0,7.203696,64.23073,1035,13
14,2020-08-09 14:00:00,79.5605,0.0,7.8135056,66.37061,1035,14
15,2020-08-09 15:00:00,81.4505,0.0,7.9342575,68.498505,1035,15
16,2020-08-09 16:00:00,81.4505,0.0,7.9437127,57.652576,1035,16
17,2020-08-09 17:00:00,78.8405,0.0,10.485304,33.6901,1035,17
13,2020-08-16 13:00:00,81.8582,0.0118110245,8.634936,163.44286,1036,13
14,2020-08-16 14:00:00,81.588196,0.003937008,9.138905,158.45895,1036,14
15,2020-08-16 15:00:00,82.2182,0.003937008,7.6451745,159.44388,1036,15
16,2020-08-16 16:00:00,79.6982,0.023622049,8.352132,159.62349,1036,16
17,2020-08-16 17:00:00,78.5282,0.007874016,6.0852976,162.89719,1036,17
13,2020-08-30 13:00:00,62.4506,0.007874016,7.6973605,305.53775,1037,13
14,2020-08-30 14:00:00,62.9906,0.003937008,7.8038926,297.2995,1037,14
15,2020-08-30 15:00:00,62.5406,0.003937008,8.939608,301.7014,1037,15
16,2020-08-30 16:00:00,58.1306,0.09055118,9.812248,313.1524,1037,16
17,2020-08-30 17:00:00,57.6806,0.023622049,6.502709,296.56497,1037,17
13,2020-09-06 13:00:00,78.776596,0.0,3.1077397,120.256355,1038,13
14,2020-09-06 14:00:00,78.6866,0.0,3.3629484,93.814,1038,14
15,2020-09-06 15:00:00,77.1566,0.0,5.7730203,54.46224,1038,15
16,2020-09-06 16:00:00,74.456604,0.0,8.750073,32.471172,1038,16
17,2020-09-06 17:00:00,72.1166,0.003937008,7.0064893,16.699326,1038,17
13,2020-09-13 13:00:00,85.5725,0.0,8.908766,28.495539,1039,13
14,2020-09-13 14:00:00,84.85249,0.0,9.629499,30.735416,1039,14
15,2020-09-13 15:00:00,84.1325,0.0,9.3687315,33.310646,1039,15
16,2020-09-13 16:00:00,82.5125,0.0,8.71282,41.877792,1039,16
17,2020-09-13 17:00:00,79.0025,0.0,7.765322,41.49638,1039,17
11,2020-09-27 11:00:00,83.82201,0.0,5.3172884,165.37909,1040,11
12,2020-09-27 12:00:00,82.472,0.0,4.7453933,171.86998,1040,12
13,2020-09-27 13:00:00,82.652,0.0,2.0133,180.0,1040,13
14,2020-09-27 14:00:00,81.302,0.0,1.5817978,315.0001,1040,14
15,2020-09-27 15:00:00,74.912,0.0,4.051379,6.3401003,1040,15
13,2020-10-11 13:00:00,47.359398,0.0,8.441526,302.00534,1041,13
14,2020-10-11 14:00:00,46.639397,0.0,7.9089894,298.7397,1041,14
15,2020-10-11 15:00:00,46.2794,0.0,7.8804655,304.59235,1041,15
16,2020-10-11 16:00:00,45.1994,0.0,7.1338906,311.18582,1041,16
17,2020-10-11 17:00:00,43.5794,0.0,6.7629957,304.21576,1041,17
12,2020-10-25 12:00:00,68.3861,0.015748031,16.831102,246.50142,1042,12
13,2020-10-25 13:00:00,68.5661,0.0,15.951864,247.75093,1042,13
14,2020-10-25 14:00:00,67.4861,0.0,14.999582,252.64589,1042,14
15,2020-10-25 15:00:00,68.0261,0.0,15.36381,253.93994,1042,15
16,2020-10-25 16:00:00,66.6761,0.0,14.540501,255.74994,1042,16
12,2020-11-01 12:00:00,64.8005,0.0,3.4799554,315.0001,1043,12
13,2020-11-01 13:00:00,64.2605,0.0,3.0426488,342.8972,1043,13
14,2020-11-01 14:00:00,63.9905,0.0,0.50020844,296.56497,1043,14
15,2020-11-01 15:00:00,63.090504,0.0,1.0004169,296.56497,1043,15
16,2020-11-01 16:00:00,61.7405,0.0,2.1103816,302.00534,1043,16
10,2020-11-15 10:00:00,55.719498,0.003937008,5.447451,19.179106,1044,10
11,2020-11-15 11:00:00,55.8095,0.0,5.5924997,16.26028,1044,11
12,2020-11-15 12:00:00,55.1795,0.003937008,6.2395864,14.534496,1044,12
13,2020-11-15 13:00:00,54.5495,0.003937008,5.447451,19.179106,1044,13
14,2020-11-15 14:00:00,53.5595,0.0,5.5340323,14.036275,1044,14
14,2020-11-29 14:00:00,79.007,0.0,4.911221,149.9315,1045,14
15,2020-11-29 15:00:00,78.017,0.0,6.085298,126.027466,1045,15
16,2020-11-29 16:00:00,75.677,0.0,8.634936,106.55715,1045,16
17,2020-11-29 17:00:00,74.597,0.0,9.108739,114.67685,1045,17
18,2020-11-29 18:00:00,74.057,0.0,8.815597,125.70678,1045,18
17,2020-12-06 17:00:00,68.657,0.0,17.086348,316.06082,1046,17
18,2020-12-06 18:00:00,67.937,0.0,17.402653,316.04153,1046,18
19,2020-12-06 19:00:00,66.857,0.0,15.846425,311.56625,1046,19
20,2020-12-06 20:00:00,65.687,0.0,16.107952,307.66568,1046,20
21,2020-12-06 21:00:00,64.337,0.0,14.323789,308.65982,1046,21
13,2020-12-13 13:00:00,73.435104,0.0,10.672153,326.97614,1047,13
14,2020-12-13 14:00:00,72.3551,0.0,9.753423,323.39282,1047,14
15,2020-12-13 15:00:00,71.545105,0.0,8.998192,325.1246,1047,15
16,2020-12-13 16:00:00,70.8251,0.0,8.01895,329.8587,1047,16
17,2020-12-13 17:00:00,69.7451,0.0,7.02076,337.5205,1047,17
14,2021-11-21 14:00:00,78.9683,0.0,10.406259,115.46331,1051,14
15,2021-11-21 15:00:00,78.2483,0.0,9.50396,116.56499,1051,15
16,2021-11-21 16:00:00,77.6183,0.0,9.517114,119.57774,1051,16
17,2021-11-21 17:00:00,77.0783,0.0,9.408707,118.39293,1051,17
18,2021-11-21 18:00:00,76.5383,0.0,9.304415,117.18103,1051,18
15,2021-03-28 15:00:00,68.477005,0.0,22.110117,332.91653,1052,15
16,2021-03-28 16:00:00,68.027,0.0,20.609556,332.87878,1052,16
17,2021-03-28 17:00:00,67.847,0.0,19.609192,332.8504,1052,17
18,2021-03-28 18:00:00,67.847,0.0,19.00792,333.43503,1052,18
19,2021-03-28 19:00:00,67.667,0.0,18.908937,334.0413,1052,19
13,2021-04-18 13:00:00,54.6305,0.0,5.101145,74.74483,1053,13
14,2021-04-18 14:00:00,56.1605,0.0,7.3139977,66.5713,1053,14
15,2021-04-18 15:00:00,54.6305,0.0,8.003335,63.435013,1053,15
16,2021-04-18 16:00:00,53.9105,0.0,6.5334187,51.952908,1053,16
17,2021-04-18 17:00:00,52.0205,0.0,5.7032533,48.179924,1053,17
14,2021-05-02 14:00:00,67.1261,0.0,7.214108,352.87506,1054,14
15,2021-05-02 15:00:00,66.3161,0.0,10.6086645,335.05612,1054,15
16,2021-05-02 16:00:00,63.6161,0.0,14.227389,323.31018,1054,16
17,2021-05-02 17:00:00,60.9161,0.0,15.139053,325.84024,1054,17
18,2021-05-02 18:00:00,59.7461,0.0,14.818332,331.11353,1054,18
13,2021-05-09 13:00:00,70.6982,0.0,6.279558,85.91447,1055,13
14,2021-05-09 14:00:00,70.6082,0.0,7.6189475,86.63361,1055,14
15,2021-05-09 15:00:00,71.7782,0.0,7.4764,128.92755,1055,15
16,2021-05-09 16:00:00,70.1582,0.0,6.5219193,120.96369,1055,16
17,2021-05-09 17:00:00,69.3482,0.0,5.7032533,154.44008,1055,17
13,2021-05-23 13:00:00,69.7064,0.0,6.0852976,107.10281,1056,13
14,2021-05-23 14:00:00,69.5264,0.0,8.408858,118.61037,1056,14
15,2021-05-23 15:00:00,66.6464,0.0,6.54872,97.853226,1056,15
16,2021-05-23 16:00:00,66.7364,0.0,5.833382,94.39862,1056,16
17,2021-05-23 17:00:00,65.9264,0.0,5.596972,87.70944,1056,17
12,2021-06-06 12:00:00,74.4503,0.0,12.912743,14.036275,1057,12
13,2021-06-06 13:00:00,73.5503,0.0,12.479173,14.534496,1057,13
14,2021-06-06 14:00:00,71.2103,0.0,13.04384,5.9060555,1057,14
15,2021-06-06 15:00:00,68.600296,0.0,12.976529,0.9877458,1057,15
16,2021-06-06 16:00:00,66.9803,0.0,11.858211,1.0809096,1057,16
13,2021-06-27 13:00:00,80.3426,0.0,3.3555,180.0,1058,13
14,2021-06-27 14:00:00,78.0026,0.003937008,3.4799554,135.0001,1058,14
15,2021-06-27 15:00:00,74.3126,0.027559055,5.447451,109.17911,1058,15
16,2021-06-27 16:00:00,72.5126,0.003937008,4.2737823,132.87889,1058,16
17,2021-06-27 17:00:00,72.332596,0.0,1.304384,149.03632,1058,17
13,2021-06-20 13:00:00,81.878006,0.003937008,15.504847,133.83095,1059,13
14,2021-06-20 14:00:00,78.908,0.0,16.014482,155.22488,1059,14
15,2021-06-20 15:00:00,75.757996,0.0,18.427776,146.88866,1059,15
16,2021-06-20 16:00:00,73.688,0.003937008,16.478052,138.30196,1059,16
17,2021-06-20 17:00:00,71.348,0.003937008,12.430959,149.74365,1059,17
13,2021-07-04 13:00:00,67.6526,0.0,4.787389,127.40543,1060,13
14,2021-07-04 14:00:00,68.9126,0.0,6.1710396,136.46873,1060,14
15,2021-07-04 15:00:00,69.0926,0.0,3.796315,135.0001,1060,15
16,2021-07-04 16:00:00,68.7326,0.0,3.1635957,98.13002,1060,16
17,2021-07-04 17:00:00,68.5526,0.0,3.1793742,129.28938,1060,17
14,2021-07-18 14:00:00,82.0805,0.0,3.613984,291.80148,1061,14
15,2021-07-18 15:00:00,82.3505,0.0,4.0016675,296.56497,1061,15
16,2021-07-18 16:00:00,82.0805,0.0,3.9828653,308.15726,1061,16
17,2021-07-18 17:00:00,81.7205,0.0,4.2737823,317.1211,1061,17
18,2021-07-18 18:00:00,80.460495,0.0,3.407297,336.8014,1061,18
13,2021-08-01 13:00:00,80.4038,0.023622049,8.031422,192.875,1062,13
14,2021-08-01 14:00:00,81.6638,0.0,8.488818,198.43504,1062,14
15,2021-08-01 15:00:00,82.1138,0.0,10.798016,219.95749,1062,15
16,2021-08-01 16:00:00,81.843796,0.0,5.6944723,224.9999,1062,16
17,2021-08-01 17:00:00,79.593796,0.0,4.440318,220.91429,1062,17
13,2021-08-29 13:00:00,55.0706,0.01968504,14.227389,323.31018,1063,13
14,2021-08-29 14:00:00,55.6106,0.01968504,15.38334,319.1277,1063,14
15,2021-08-29 15:00:00,55.1606,0.015748031,14.711571,315.61597,1063,15
16,2021-08-29 16:00:00,54.710598,0.031496063,12.986166,312.2072,1063,16
17,2021-08-29 17:00:00,54.620598,0.03543307,12.577034,308.50067,1063,17
13,2021-09-05 13:00:00,69.314896,0.0,6.203391,64.35905,1064,13
14,2021-09-05 14:00:00,69.4949,0.0,6.905775,65.09527,1064,14
15,2021-09-05 15:00:00,69.2249,0.0,7.3139977,66.5713,1064,15
16,2021-09-05 16:00:00,68.5049,0.0,6.905775,65.09527,1064,16
17,2021-09-05 17:00:00,66.884895,0.0,5.3360767,56.976128,1064,17
13,2021-09-12 13:00:00,83.5466,0.0,2.9845302,167.00539,1065,13
14,2021-09-12 14:00:00,83.636604,0.0,3.414632,148.39255,1065,14
15,2021-09-12 15:00:00,83.36659,0.0,4.1610603,126.25393,1065,15
16,2021-09-12 16:00:00,82.2866,0.0,4.1065865,119.357666,1065,16
17,2021-09-12 17:00:00,79.5866,0.0,2.5010421,116.56499,1065,17
12,2021-09-26 12:00:00,64.202,0.003937008,10.6086645,155.05612,1066,12
13,2021-09-26 13:00:00,63.932,0.003937008,9.976618,160.34608,1066,13
14,2021-09-26 14:00:00,62.942,0.007874016,9.608689,155.22488,1066,14
15,2021-09-26 15:00:00,62.042,0.003937008,8.213173,150.64235,1066,15
16,2021-09-26 16:00:00,61.772003,0.003937008,6.4524946,146.3099,1066,16
12,2021-10-10 12:00:00,62.649498,0.0,14.250235,42.455162,1067,12
13,2021-10-10 13:00:00,62.739502,0.0,14.267781,41.185825,1067,13
14,2021-10-10 14:00:00,62.1995,0.0,14.267781,41.185825,1067,14
15,2021-10-10 15:00:00,61.1195,0.0,13.52044,38.955917,1067,15
16,2021-10-10 16:00:00,60.3095,0.0,11.743717,40.364468,1067,16
19,2021-10-24 19:00:00,83.9957,0.0,10.016665,203.70265,1069,19
20,2021-10-24 20:00:00,85.4357,0.0,10.016665,203.70265,1069,20
21,2021-10-24 21:00:00,86.0657,0.0,9.822442,210.0685,1069,21
22,2021-10-24 22:00:00,85.7957,0.0,8.142803,217.18478,1069,22
23,2021-10-24 23:00:00,84.3557,0.0,6.187236,220.60121,1069,23
19,2021-11-07 19:00:00,70.2464,0.0,2.2481573,5.7105074,1070,19
20,2021-11-07 20:00:00,72.0464,0.0,1.8446774,345.9637,1070,20
21,2021-11-07 21:00:00,73.3964,0.0,3.1793742,309.28937,1070,21
22,2021-11-07 22:00:00,73.5764,0.0,4.52958,302.90524,1070,22
23,2021-11-07 23:00:00,72.946396,0.0,7.3037286,297.3498,1070,23
17,2021-11-14 17:00:00,71.7683,0.0,9.127947,126.027466,1071,17
18,2021-11-14 18:00:00,67.8083,0.0,15.983204,133.29869,1071,18
19,2021-11-14 19:00:00,66.1883,0.0,19.061813,144.07141,1071,19
20,2021-11-14 20:00:00,64.1183,0.0,17.621256,151.15744,1071,20
21,2021-11-14 21:00:00,60.6083,0.0,15.931461,141.84273,1071,21
17,2021-12-05 17:00:00,82.0166,0.0,5.3360767,213.02386,1072,17
18,2021-12-05 18:00:00,80.5766,0.0,3.5370076,198.43504,1072,18
19,2021-12-05 19:00:00,79.7666,0.0,2.829606,161.56496,1072,19
20,2021-12-05 20:00:00,78.1466,0.0,4.244409,108.43504,1072,20
21,2021-12-05 21:00:00,77.5166,0.0,6.0440416,92.12105,1072,21
13,2021-12-12 13:00:00,76.5851,0.0,10.798016,320.0425,1073,13
14,2021-12-12 14:00:00,75.7751,0.0,10.0665,323.13,1073,14
15,2021-12-12 15:00:00,75.1451,0.0,8.441526,327.99466,1073,15
16,2021-12-12 16:00:00,74.51511,0.0,8.71282,330.8026,1073,16
17,2021-12-12 17:00:00,73.615105,0.0,8.939608,328.2986,1073,17
15,2022-03-20 15:00:00,70.277,0.0,10.885712,350.53775,1074,15
16,2022-03-20 16:00:00,69.19701,0.0,9.608688,347.90527,1074,16
17,2022-03-20 17:00:00,67.937,0.0,7.7653227,348.3664,1074,17
18,2022-03-20 18:00:00,66.407,0.0,6.4563713,345.9637,1074,18
19,2022-03-20 19:00:00,64.967,0.0,6.729616,344.57776,1074,19
17,2022-03-27 17:00:00,78.0566,0.0,12.46312,338.9624,1075,17
18,2022-03-27 18:00:00,77.1566,0.0,12.246426,350.53775,1075,18
19,2022-03-27 19:00:00,76.166595,0.0,12.180871,352.61404,1075,19
20,2022-03-27 20:00:00,75.1766,0.0,12.402747,352.7469,1075,20
21,2022-03-27 21:00:00,73.916595,0.0,12.384578,339.92838,1075,21
5,2022-04-10 05:00:00,79.3553,0.0,11.711715,331.477,1076,5
6,2022-04-10 06:00:00,79.7153,0.0,10.243897,328.39255,1076,6
7,2022-04-10 07:00:00,78.8153,0.0,7.0740147,325.30478,1076,7
8,2022-04-10 08:00:00,74.765305,0.0,6.9670963,354.47253,1076,8
9,2022-04-10 09:00:00,71.7953,0.0,9.845342,1.3019345,1076,9
13,2022-04-24 13:00:00,57.1505,0.03937008,3.407297,113.19862,1077,13
14,2022-04-24 14:00:00,58.4105,0.003937008,5.447451,160.82089,1077,14
15,2022-04-24 15:00:00,58.2305,0.0,8.488818,198.43504,1077,15
16,2022-04-24 16:00:00,58.1405,0.0,6.7035394,205.7099,1077,16
17,2022-04-24 17:00:00,57.330498,0.0,5.3172884,202.24907,1077,17
19,2022-05-08 19:00:00,91.6268,0.0,6.0233064,285.06854,1078,19
20,2022-05-08 20:00:00,89.3768,0.0,0.9223387,345.9637,1078,20
21,2022-05-08 21:00:00,88.566795,0.0,3.6415722,137.4896,1078,21
22,2022-05-08 22:00:00,87.0368,0.0,5.461213,145.0079,1078,22
23,2022-05-08 23:00:00,85.6868,0.0,5.2652726,167.73524,1078,23
13,2022-05-22 13:00:00,94.9982,0.0,11.722392,228.09415,1079,13
14,2022-05-22 14:00:00,95.0882,0.0,10.981824,213.36638,1079,14
15,2022-05-22 15:00:00,93.8282,0.0,10.108666,204.86368,1079,15
16,2022-05-22 16:00:00,90.6782,0.0,9.344664,191.0409,1079,16
17,2022-05-22 17:00:00,87.3482,0.0,6.491156,181.97488,1079,17
13,2022-05-29 13:00:00,74.116394,0.003937008,9.323219,239.74365,1080,13
14,2022-05-29 14:00:00,73.3964,0.003937008,9.50396,243.43501,1080,14
15,2022-05-29 15:00:00,73.2164,0.0,8.686937,235.49141,1080,15
16,2022-05-29 16:00:00,72.586395,0.003937008,7.765322,228.50363,1080,16
17,2022-05-29 17:00:00,69.976395,0.0511811,7.6058,241.92761,1080,17
11,2022-06-12 11:00:00,80.4803,0.0,12.537183,164.47583,1081,11
12,2022-06-12 12:00:00,80.3903,0.0,11.018218,174.17375,1081,12
13,2022-06-12 13:00:00,80.1203,0.0,10.35081,173.79665,1081,13
14,2022-06-12 14:00:00,79.130295,0.0,9.906147,173.51703,1081,14
15,2022-06-12 15:00:00,77.3303,0.0,9.174427,181.39716,1081,15
18,2022-06-19 18:00:00,67.6436,0.0,13.706075,333.8532,1082,18
19,2022-06-19 19:00:00,69.0836,0.0,14.128563,336.68225,1082,19
20,2022-06-19 20:00:00,69.7136,0.0,14.747243,337.71436,1082,20
21,2022-06-19 21:00:00,69.623604,0.0,15.358922,347.38068,1082,21
22,2022-06-19 22:00:00,69.4436,0.0,12.908866,351.02744,1082,22
14,2022-07-03 14:00:00,63.360497,0.007874016,10.31206,282.5288,1083,14
15,2022-07-03 15:00:00,60.3005,0.015748031,7.9153137,312.70938,1083,15
16,2022-07-03 16:00:00,62.640495,0.0,7.4495792,311.3477,1083,16
17,2022-07-03 17:00:00,63.630497,0.0,7.2210417,286.18927,1083,17
18,2022-07-03 18:00:00,64.0805,0.0,8.084209,284.4208,1083,18
13,2022-07-10 13:00:00,68.7326,0.0,10.760877,313.31537,1084,13
14,2022-07-10 14:00:00,67.6526,0.0,10.4278755,305.39487,1084,14
15,2022-07-10 15:00:00,66.5726,0.0,9.261288,307.14676,1084,15
16,2022-07-10 16:00:00,64.8626,0.0,7.599218,317.38596,1084,16
17,2022-07-10 17:00:00,62.612602,0.0,6.0852976,342.8972,1084,17
13,2022-07-24 13:00:00,89.888,0.0,7.63535,211.82741,1085,13
14,2022-07-24 14:00:00,89.618,0.0,7.651717,217.87505,1085,14
15,2022-07-24 15:00:00,88.268,0.0,7.599218,222.61401,1085,15
16,2022-07-24 16:00:00,86.108,0.0,7.119848,226.27295,1085,16
17,2022-07-24 17:00:00,83.318,0.0,6.044041,231.009,1085,17
13,2022-07-31 13:00:00,66.9038,0.003937008,17.242323,314.47443,1086,13
14,2022-07-31 14:00:00,64.4738,0.027559055,14.583455,311.2685,1086,14
15,2022-07-31 15:00:00,63.5738,0.03543307,9.888451,307.64767,1086,15
16,2022-07-31 16:00:00,62.3138,0.05905512,7.024322,307.23492,1086,16
17,2022-07-31 17:00:00,63.0338,0.007874016,6.1710396,313.53125,1086,17
13,2022-08-28 13:00:00,68.750595,0.0,7.75565,33.231728,1087,13
14,2022-08-28 14:00:00,69.1106,0.0,7.713597,29.5387,1087,14
15,2022-08-28 15:00:00,69.0206,0.0,8.804236,27.216026,1087,15
16,2022-08-28 16:00:00,68.120605,0.0,9.003752,26.564985,1087,16
17,2022-08-28 17:00:00,66.9506,0.0,7.8135056,23.629398,1087,17
13,2022-09-04 13:00:00,76.2449,0.0,3.1635957,224.9999,1088,13
14,2022-09-04 14:00:00,75.704895,0.0,2.7029774,245.55606,1088,14
15,2022-09-04 15:00:00,73.454895,0.0,6.2675934,304.82455,1088,15
16,2022-09-04 16:00:00,72.0149,0.0,8.0656185,326.3099,1088,16
17,2022-09-04 17:00:00,71.204895,0.0,7.9939504,342.072,1088,17
13,2022-09-11 13:00:00,77.8766,0.0,3.2262473,236.3099,1089,13
14,2022-09-11 14:00:00,78.2366,0.0,2.802953,241.38963,1089,14
15,2022-09-11 15:00:00,78.416595,0.0,1.803527,209.7448,1089,15
16,2022-09-11 16:00:00,77.7866,0.0,1.803527,187.12492,1089,16
17,2022-09-11 17:00:00,73.3766,0.0,3.607054,172.87508,1089,17
12,2022-10-02 12:00:00,77.9702,0.003937008,4.112674,202.38017,1091,12
13,2022-10-02 13:00:00,78.8702,0.003937008,3.8616607,190.00792,1091,13
14,2022-10-02 14:00:00,78.1502,0.0,2.6937048,221.63345,1091,14
15,2022-10-02 15:00:00,80.0402,0.0,1.304384,239.0363,1091,15
16,2022-10-02 16:00:00,79.8602,0.0,1.304384,59.03632,1091,16
5,2022-10-09 05:00:00,66.4124,0.03937008,6.9921904,97.35229,1092,5
6,2022-10-09 06:00:00,65.0624,0.094488196,4.051379,83.659904,1092,6
7,2022-10-09 07:00:00,63.6224,0.08661418,5.0020843,63.435013,1092,7
8,2022-10-09 08:00:00,62.9024,0.07874016,5.5340323,75.96373,1092,8
9,2022-10-09 09:00:00,62.5424,0.07086614,8.2769,90.0,1092,9
19,2022-10-23 19:00:00,85.6157,0.0,20.78485,171.9572,1093,19
20,2022-10-23 20:00:00,85.345695,0.0,18.992117,164.98158,1093,20
21,2022-10-23 21:00:00,86.695694,0.0,19.152168,165.80142,1093,21
22,2022-10-23 22:00:00,86.3357,0.0,18.923485,173.21112,1093,22
23,2022-10-23 23:00:00,84.175705,0.0,18.898348,163.49556,1093,23
20,2022-10-30 20:00:00,74.2064,0.003937008,6.4873004,270.0,1094,20
21,2022-10-30 21:00:00,72.8564,0.027559055,5.3031526,242.35411,1094,21
22,2022-10-30 22:00:00,69.6164,0.0,13.898234,266.3087,1094,22
23,2022-10-30 23:00:00,68.3564,0.0,13.158428,252.18102,1094,23
18,2022-11-13 18:00:00,71.6783,0.0,15.027912,134.39699,1095,18
19,2022-11-13 19:00:00,69.3383,0.0,12.986166,137.79277,1095,19
20,2022-11-13 20:00:00,68.7983,0.0,13.76982,136.97493,1095,20
21,2022-11-13 21:00:00,65.4683,0.0,11.7095785,133.45189,1095,21
22,2022-11-13 22:00:00,65.918304,0.0,13.17553,139.82083,1095,22
13,2022-11-20 13:00:00,83.0651,0.0,16.21169,320.59937,1096,13
14,2022-11-20 14:00:00,81.9851,0.0,14.882357,317.43668,1096,14
15,2022-11-20 15:00:00,80.9051,0.0,14.40218,316.88815,1096,15
16,2022-11-20 16:00:00,80.2751,0.0,14.07889,315.64368,1096,16
17,2022-11-20 17:00:00,79.8251,0.0,13.603462,315.0001,1096,17
