"","sibs","age","incom16","pasei10","masei10","granborn","reg16east_south_atlantic","reg16foreign","reg16middle_atlantic","reg16mountain","reg16new_england","reg16pacific","reg16south_atlantic","reg16west_north_central","reg16west_south_central","res16in_a_large_city_(over_250,000)","res16in_a_medium-size_city_(50,000-250,000)","res16in_a_small_city_or_town_(under_50,000)","res16in_a_suburb_near_a_large_city","res16in_open_country_but_not_on_a_farm"
"1",1,72,4,76.3,62.9,4,0,0,1,0,0,0,0,0,0,0,0,0,1,0
"4",1,23,4,26.8,84.2,0,0,0,0,0,1,0,0,0,0,0,0,1,0,0
"5",2,62,3,25.2,38.8,2,0,0,0,0,1,0,0,0,0,0,0,1,0,0
"6",1,27,1,62,37.6,0,0,0,1,0,0,0,0,0,0,0,0,1,0,0
"8",3,47,2,32,41.8,4,0,0,0,0,0,1,0,0,0,0,1,0,0,0
"12",2,25,4,67.7,67.7,0,0,0,1,0,0,0,0,0,0,0,1,0,0,0
"13",4,35,2,32.6,21.6,2,0,0,1,0,0,0,0,0,0,0,0,1,0,0
"14",4,36,2,31.2,20.1,0,0,0,0,0,1,0,0,0,0,0,1,0,0,0
"17",13,20,3,32.6,13.6,4,0,0,0,0,1,0,0,0,0,0,1,0,0,0
"18",3,80,3,76.3,38.8,4,0,0,1,0,0,0,0,0,0,0,0,0,1,0
"19",5,35,1,31.2,39.7,2,0,0,0,0,1,0,0,0,0,1,0,0,0,0
"23",1,65,3,25.1,13.2,4,0,0,1,0,0,0,0,0,0,0,1,0,0,0
"24",8,60,3,65.1,24.2,0,0,0,1,0,0,0,0,0,0,0,1,0,0,0
"26",0,82,3,23.3,38.8,2,0,0,1,0,0,0,0,0,0,0,0,0,1,0
"29",4,36,2,20.7,13.6,0,0,0,1,0,0,0,0,0,0,1,0,0,0,0
"30",3,79,2,64.2,80.9,0,0,0,1,0,0,0,0,0,0,0,0,1,0,0
"31",6,65,3,67.7,35.8,0,0,0,0,1,0,0,0,0,0,0,0,0,1,0
"34",1,72,3,43,38.3,4,0,0,0,0,1,0,0,0,0,0,1,0,0,0
"35",0,62,4,66.2,35.1,2,0,0,1,0,0,0,0,0,0,0,0,0,1,0
"36",1,46,2,48.8,20.1,1,0,0,1,0,0,0,0,0,0,0,1,0,0,0
"37",3,84,2,32,20.7,4,0,0,1,0,0,0,0,0,0,0,1,0,0,0
"39",1,38,5,38.3,38.8,2,0,0,1,0,0,0,0,0,0,0,0,0,1,0
"44",0,30,3,62,80.9,0,0,0,1,0,0,0,0,0,0,0,0,1,0,0
"45",0,30,3,31.2,12.6,4,0,0,1,0,0,0,0,0,0,0,0,0,1,0
"48",1,52,4,67.7,77.2,3,0,0,1,0,0,0,0,0,0,0,0,0,1,0
"50",1,70,3,45.4,39.7,4,0,0,0,0,1,0,0,0,0,0,0,0,1,0
"51",2,59,4,83.8,62.9,0,0,0,0,0,1,0,0,0,0,0,0,1,0,0
"52",2,46,4,77.4,67.7,1,0,1,0,0,0,0,0,0,0,1,0,0,0,0
"53",1,43,5,85.2,76.3,4,0,0,0,1,0,0,0,0,0,0,0,0,1,0
"56",7,66,3,21.5,19.6,1,0,0,0,0,1,0,0,0,0,1,0,0,0,0
"61",1,49,3,25.2,45.1,4,0,0,1,0,0,0,0,0,0,0,0,0,1,0
"71",13,67,2,31.3,12.6,0,0,0,1,0,0,0,0,0,0,1,0,0,0,0
"79",1,62,2,35.8,80.9,4,0,0,1,0,0,0,0,0,0,1,0,0,0,0
"80",6,23,2,26.8,20.1,4,0,1,0,0,0,0,0,0,0,1,0,0,0,0
"87",3,22,2,45.4,28.7,4,0,0,1,0,0,0,0,0,0,1,0,0,0,0
"88",1,34,4,67.7,52.6,3,0,0,0,0,0,1,0,0,0,1,0,0,0,0
"92",3,29,3,53.2,71.8,3,0,0,0,0,0,0,0,0,1,0,0,0,1,0
"93",4,47,1,50.4,27,0,0,0,1,0,0,0,0,0,0,1,0,0,0,0
"96",1,29,4,76.3,91.1,4,0,0,0,0,0,1,0,0,0,1,0,0,0,0
"97",2,46,3,41,25.7,4,0,0,1,0,0,0,0,0,0,1,0,0,0,0
"98",6,71,3,35.8,20.7,4,0,1,0,0,0,0,0,0,0,0,1,0,0,0
"99",1,28,3,26.5,20.1,4,0,0,1,0,0,0,0,0,0,0,1,0,0,0
"100",4,38,3,43,84.2,4,0,0,1,0,0,0,0,0,0,1,0,0,0,0
"104",1,63,3,51.5,39.7,0,0,0,1,0,0,0,0,0,0,1,0,0,0,0
"105",0,82,3,24,84.2,4,0,0,1,0,0,0,0,0,0,1,0,0,0,0
"106",2,47,4,38.8,21.8,3,0,0,1,0,0,0,0,0,0,0,0,0,1,0
"107",1,40,3,71.8,84.2,0,0,0,1,0,0,0,0,0,0,0,0,1,0,0
"108",9,71,2,39.9,26.5,4,0,1,0,0,0,0,0,0,0,0,0,0,1,0
"111",3,61,3,50.4,38.8,0,0,0,1,0,0,0,0,0,0,0,0,1,0,0
"112",4,52,1,34.6,38.3,4,0,0,1,0,0,0,0,0,0,0,0,0,1,0
"113",6,48,3,43,21.8,0,0,0,1,0,0,0,0,0,0,0,0,0,1,0
"114",1,40,4,37.6,57.8,2,0,0,1,0,0,0,0,0,0,0,1,0,0,0
"118",2,46,3,65.3,38.8,0,0,0,1,0,0,0,0,0,0,0,0,1,0,0
"121",10,36,4,25.2,76.3,0,0,0,1,0,0,0,0,0,0,0,0,0,1,0
"123",4,65,3,67.7,12.6,4,0,0,1,0,0,0,0,0,0,0,0,0,1,0
"132",3,43,3,85.2,50,4,0,1,0,0,0,0,0,0,0,1,0,0,0,0
"137",6,56,3,76.3,33.2,4,0,0,1,0,0,0,0,0,0,1,0,0,0,0
"139",3,23,5,92.8,59.1,0,0,0,0,0,0,0,0,0,1,1,0,0,0,0
"140",3,34,1,19.6,21.6,4,0,0,1,0,0,0,0,0,0,1,0,0,0,0
"143",1,36,3,52.4,50.7,4,0,0,1,0,0,0,0,0,0,1,0,0,0,0
"145",4,69,3,28.7,24.2,4,0,0,1,0,0,0,0,0,0,1,0,0,0,0
"146",7,56,3,24.6,12.6,4,0,1,0,0,0,0,0,0,0,0,0,1,0,0
"148",7,36,3,45.4,56.9,4,0,0,1,0,0,0,0,0,0,0,0,0,1,0
"150",1,29,4,76.3,38.3,4,0,0,1,0,0,0,0,0,0,1,0,0,0,0
"153",1,70,3,76.3,35.1,4,0,0,1,0,0,0,0,0,0,1,0,0,0,0
"164",2,55,3,80.9,80.9,3,0,0,1,0,0,0,0,0,0,0,0,0,1,0
"165",1,46,3,24.1,38.8,0,0,0,1,0,0,0,0,0,0,0,0,0,1,0
"166",2,40,2,25,62,0,0,0,1,0,0,0,0,0,0,0,0,0,1,0
"167",3,63,4,72.5,38.8,0,0,0,1,0,0,0,0,0,0,0,0,0,1,0
"168",3,65,2,36.2,26.1,2,0,0,1,0,0,0,0,0,0,0,0,0,1,0
"172",2,34,3,62,26.1,0,0,0,1,0,0,0,0,0,0,0,0,0,1,0
"173",2,29,3,81.5,84.2,0,0,0,1,0,0,0,0,0,0,0,0,0,1,0
"175",1,41,3,62.9,80.9,4,0,0,1,0,0,0,0,0,0,0,0,0,1,0
"176",2,39,1,27.2,21.8,4,0,0,1,0,0,0,0,0,0,0,1,0,0,0
"177",2,63,4,59.8,65.3,0,0,0,1,0,0,0,0,0,0,0,1,0,0,0
"182",3,53,2,32,59.8,0,0,0,1,0,0,0,0,0,0,0,1,0,0,0
"185",3,54,3,65.3,39.7,4,0,1,0,0,0,0,0,0,0,0,0,0,0,1
"190",1,49,3,38.3,25,4,0,0,0,0,0,1,0,0,0,0,0,0,1,0
"193",0,64,3,45.4,28.6,0,0,0,0,0,0,0,0,1,0,0,1,0,0,0
"196",3,56,3,71.6,47.9,4,0,0,0,0,0,1,0,0,0,0,0,0,1,0
"197",1,30,4,27,69.3,4,0,0,0,0,0,1,0,0,0,0,0,0,1,0
"200",2,25,4,39.9,77.4,0,0,0,0,0,0,1,0,0,0,0,0,0,1,0
"206",1,74,2,18.6,13.2,4,0,0,0,0,0,1,0,0,0,1,0,0,0,0
"207",2,43,1,62,20.1,4,0,0,0,0,0,1,0,0,0,0,1,0,0,0
"209",1,40,4,49.6,38.8,4,0,0,0,0,0,1,0,0,0,0,0,0,1,0
"215",7,36,2,34.7,30,0,0,0,0,0,0,1,0,0,0,1,0,0,0,0
"226",3,33,1,52.1,32,4,0,0,0,0,0,1,0,0,0,0,0,0,1,0
"227",1,43,3,88.7,57.5,4,0,0,0,0,0,1,0,0,0,0,0,0,1,0
"228",1,23,3,43,20.8,4,0,0,0,0,0,1,0,0,0,0,0,0,1,0
"232",0,23,3,57.5,21.6,4,0,0,0,0,0,1,0,0,0,1,0,0,0,0
"234",1,39,4,43,52,0,0,0,0,0,0,1,0,0,0,0,1,0,0,0
"238",2,41,4,52.3,80.9,4,0,1,0,0,0,0,0,0,0,0,1,0,0,0
"239",1,27,3,31.2,38.8,4,0,0,0,0,0,1,0,0,0,1,0,0,0,0
"243",2,28,1,31.4,24.2,2,0,0,0,0,0,1,0,0,0,0,1,0,0,0
"248",1,22,3,31.2,62.9,4,0,0,0,0,0,1,0,0,0,1,0,0,0,0
"249",8,51,2,39.7,13.2,4,0,1,0,0,0,0,0,0,0,1,0,0,0,0
"259",7,81,2,39.9,12.6,0,0,0,0,0,0,1,0,0,0,0,0,1,0,0
"264",2,38,4,62,82.5,0,0,0,1,0,0,0,0,0,0,0,0,0,1,0
"267",2,37,3,19.6,62,0,0,0,0,0,0,1,0,0,0,1,0,0,0,0
"268",4,30,3,91.9,86.8,1,0,0,0,0,0,1,0,0,0,1,0,0,0,0
"270",1,52,4,85.8,80.9,0,0,0,1,0,0,0,0,0,0,1,0,0,0,0
"272",1,66,4,67.7,43,1,0,0,0,0,0,0,0,0,0,0,0,0,1,0
"274",1,33,3,62,38.3,0,0,0,0,0,0,0,1,0,0,0,1,0,0,0
"277",2,57,1,39.9,38.3,0,0,0,0,0,0,0,0,1,0,0,0,0,0,0
"280",2,37,2,39.7,25,4,0,0,0,0,0,1,0,0,0,0,0,1,0,0
"281",3,68,3,34.7,14,3,0,0,0,0,0,1,0,0,0,0,1,0,0,0
"282",13,68,2,18.6,13.6,4,0,0,0,0,0,1,0,0,0,0,1,0,0,0
"284",2,41,4,61.4,54.6,4,0,1,0,0,0,0,0,0,0,0,0,1,0,0
"286",3,53,3,32,25,4,0,0,0,0,0,1,0,0,0,0,1,0,0,0
"287",2,63,3,65.3,13.6,0,0,0,0,0,0,0,0,0,0,0,0,1,0,0
"290",2,44,4,43,38.3,0,0,0,0,1,0,0,0,0,0,1,0,0,0,0
"292",3,67,2,13.6,26.5,4,0,0,0,0,0,1,0,0,0,1,0,0,0,0
"296",2,61,1,58.4,12.6,4,0,1,0,0,0,0,0,0,0,0,1,0,0,0
"297",5,55,1,32.6,84.2,4,0,1,0,0,0,0,0,0,0,0,0,1,0,0
"300",2,28,4,65.3,26.1,0,0,0,0,1,0,0,0,0,0,0,1,0,0,0
"301",7,60,4,89.3,80.9,2,0,0,0,0,0,1,0,0,0,0,1,0,0,0
"303",3,78,3,38.3,39.7,1,0,0,0,0,0,0,0,1,0,1,0,0,0,0
"305",2,60,3,43,68.6,2,0,0,0,0,0,1,0,0,0,0,1,0,0,0
"306",2,26,2,25.2,39.7,0,0,0,0,0,0,1,0,0,0,0,1,0,0,0
"311",6,68,4,31.6,67.7,3,0,0,0,0,0,1,0,0,0,1,0,0,0,0
"312",14,66,4,25.2,38.8,4,0,1,0,0,0,0,0,0,0,0,1,0,0,0
"313",2,75,2,46.5,20.7,0,0,0,0,0,0,1,0,0,0,1,0,0,0,0
"318",2,73,3,76.3,52,2,0,0,0,0,0,1,0,0,0,0,1,0,0,0
"321",1,23,3,86.8,76.3,4,0,0,0,0,0,1,0,0,0,0,0,1,0,0
"322",1,54,3,37.6,68,0,0,0,0,0,0,1,0,0,0,0,0,1,0,0
"325",2,30,3,25.7,52,2,0,0,0,0,0,1,0,0,0,0,0,0,1,0
"326",1,52,4,46,38.8,0,0,0,0,0,0,1,0,0,0,0,1,0,0,0
"329",3,54,1,28.7,12.6,0,0,0,0,0,0,1,0,0,0,0,1,0,0,0
"330",3,33,2,84.2,86.8,4,0,0,0,0,0,1,0,0,0,1,0,0,0,0
"331",3,20,3,23.3,23.3,4,0,0,0,0,0,1,0,0,0,1,0,0,0,0
"334",4,35,3,28.5,23.8,2,0,0,0,0,0,1,0,0,0,0,1,0,0,0
"337",2,39,3,32,39.7,0,0,0,0,0,0,0,0,0,0,0,1,0,0,0
"338",3,31,1,18.6,12.6,4,0,0,0,0,0,1,0,0,0,1,0,0,0,0
"344",3,66,2,67.7,80.9,0,0,0,0,0,0,0,0,0,0,0,1,0,0,0
"347",2,74,1,28.7,26.8,4,0,1,0,0,0,0,0,0,0,0,0,0,1,0
"348",2,47,3,20.7,13.2,4,0,0,0,0,0,1,0,0,0,0,1,0,0,0
"350",4,57,5,39.9,14,3,0,0,0,0,0,1,0,0,0,0,0,0,1,0
"353",1,73,3,32,41.1,0,0,0,0,0,0,0,0,0,0,0,0,1,0,0
"354",3,63,3,42.8,14.8,1,0,0,0,0,0,0,0,0,0,1,0,0,0,0
"356",3,42,2,43,26.1,0,0,0,0,0,0,0,0,0,0,0,0,1,0,0
"359",2,57,4,67.7,62.9,0,0,0,0,0,0,0,0,0,0,0,0,1,0,0
"361",3,39,3,34.1,52.5,0,0,0,0,0,0,0,0,0,0,0,0,0,1,0
"362",4,62,2,42.2,31.9,4,0,0,0,0,0,0,0,0,0,1,0,0,0,0
"364",9,70,2,39.9,25,0,0,0,0,0,0,0,0,0,1,0,0,0,0,0
"371",1,68,4,66.1,84.2,4,0,0,0,0,0,0,0,0,0,0,0,0,1,0
"372",8,53,4,77.4,25,0,0,0,0,0,0,0,0,0,0,1,0,0,0,0
"373",3,31,2,23.3,13.6,0,0,0,0,0,0,0,0,0,0,1,0,0,0,0
"374",10,45,2,31.2,23.3,0,0,0,0,0,0,0,0,0,0,1,0,0,0,0
"377",6,70,1,26.8,26.8,0,0,0,0,0,0,0,0,0,0,1,0,0,0,0
"378",3,33,1,25.2,26.8,2,0,0,0,0,0,0,0,0,0,1,0,0,0,0
"379",0,66,2,76.3,35.8,4,0,1,0,0,0,0,0,0,0,1,0,0,0,0
"381",2,45,4,77.4,56.9,0,0,0,0,0,0,0,0,0,0,0,0,0,1,0
"383",1,59,3,20.7,26.5,4,0,0,0,0,0,0,0,0,0,0,0,0,1,0
"384",2,70,2,26.8,24.6,2,0,0,0,0,0,0,0,0,0,0,0,1,0,0
"387",2,71,2,50,21.6,2,0,0,0,0,0,0,0,0,0,0,1,0,0,0
"388",3,63,3,67.7,67.7,0,0,0,0,0,0,0,0,0,0,0,0,0,1,0
"390",2,77,3,25,23.8,0,0,0,0,0,0,0,0,0,0,0,0,1,0,0
"391",5,89,3,26.8,35.8,4,0,0,0,0,0,0,0,0,0,0,0,0,1,0
"393",1,89,1,26.8,19.6,4,0,0,0,0,0,0,0,0,0,1,0,0,0,0
"397",3,72,2,83.8,38.3,1,0,0,0,0,0,0,0,0,0,1,0,0,0,0
"407",1,57,3,48.3,56.9,0,0,0,0,0,0,0,1,0,0,0,1,0,0,0
"411",9,51,3,18.6,23.8,4,0,1,0,0,0,0,0,0,0,0,0,0,1,0
"412",2,84,3,32,19.6,4,0,0,0,0,0,0,0,0,0,0,0,1,0,0
"413",2,29,4,38.8,69.3,4,0,0,0,0,0,0,0,0,0,0,0,0,1,0
"414",1,31,4,86.5,80.9,0,0,0,0,0,0,0,1,0,0,0,1,0,0,0
"415",2,77,3,65.3,38.1,1,0,0,0,0,0,0,0,0,0,1,0,0,0,0
"416",2,40,3,25.1,24.6,4,0,0,0,0,0,0,0,0,0,1,0,0,0,0
"419",1,24,4,75.5,84.5,1,0,0,0,0,0,0,0,0,0,0,0,1,0,0
"422",1,31,4,31.1,28.6,0,0,0,0,0,0,1,0,0,0,0,1,0,0,0
"423",0,85,3,32,55.3,0,0,0,0,0,0,0,0,0,0,1,0,0,0,0
"424",6,42,2,34.7,26.8,2,0,0,0,0,0,0,0,0,0,0,0,0,1,0
"426",2,62,3,38.3,46.6,0,0,0,0,0,0,0,0,0,0,1,0,0,0,0
"429",3,63,3,28.4,35.8,3,0,0,0,0,0,0,0,0,0,0,1,0,0,0
"431",1,59,3,48.3,20.8,0,0,0,0,0,0,0,0,0,0,0,0,0,0,1
"432",2,75,3,38.3,35.8,0,0,0,0,0,0,0,0,0,0,0,0,1,0,0
"434",0,45,2,39.7,12.6,1,0,0,0,0,0,1,0,0,0,0,1,0,0,0
"438",5,29,3,73.4,25.7,4,0,0,0,0,0,0,0,0,0,0,0,0,1,0
"439",6,32,3,59.1,38.8,0,0,0,0,0,0,0,0,0,0,0,0,0,1,0
"441",3,39,3,23.3,44.6,4,0,0,0,0,0,1,0,0,0,0,0,0,1,0
"447",1,39,2,86.5,25,0,0,0,0,0,0,0,0,0,0,0,0,1,0,0
"449",0,47,4,79.3,19.6,0,0,0,0,0,0,0,0,0,0,0,0,0,1,0
"454",2,64,3,46,44.6,0,0,0,0,0,0,0,1,0,0,1,0,0,0,0
"455",0,29,2,63.7,21.6,0,0,0,0,0,0,0,1,0,0,0,0,0,1,0
"456",2,36,4,80.2,60.3,0,0,0,0,0,0,0,1,0,0,0,0,1,0,0
"459",2,56,4,62,38.8,0,0,0,1,0,0,0,0,0,0,0,0,0,1,0
"464",6,72,2,28.7,26.8,3,0,0,1,0,0,0,0,0,0,0,0,0,0,1
"467",2,49,2,20.7,20.7,0,0,0,0,0,0,0,1,0,0,1,0,0,0,0
"469",2,65,4,34.8,38.3,0,0,0,0,0,0,0,1,0,0,0,0,0,1,0
"470",5,45,3,32,43,2,0,0,0,0,0,0,1,0,0,0,0,0,0,1
"471",1,26,4,79.3,76.3,0,0,0,0,0,0,0,1,0,0,0,0,0,0,0
"474",2,68,4,43,38.3,0,0,0,0,0,0,0,1,0,0,0,0,0,1,0
"476",2,44,3,67.7,35.3,0,0,0,0,0,0,0,1,0,0,0,0,0,1,0
"478",2,26,4,76.3,24.6,0,0,0,0,0,0,0,1,0,0,0,0,0,0,1
"481",3,64,4,61.2,84.2,2,0,0,0,0,1,0,0,0,0,0,0,0,1,0
"482",3,57,4,77.4,43,0,0,0,0,0,0,0,1,0,0,1,0,0,0,0
"484",1,18,4,91.1,39.7,0,0,0,0,0,0,0,1,0,0,0,0,0,1,0
"485",2,58,2,81.6,25.7,4,0,0,0,0,0,0,0,0,0,0,0,1,0,0
"486",4,61,3,20.7,35.8,0,0,0,0,0,0,0,1,0,0,1,0,0,0,0
"491",5,71,2,62.6,38.8,4,0,0,1,0,0,0,0,0,0,0,1,0,0,0
"492",5,49,3,91.1,84.2,3,0,0,1,0,0,0,0,0,0,0,0,0,1,0
"494",7,72,4,65.1,12.6,0,0,0,0,0,0,0,1,0,0,0,0,1,0,0
"495",1,38,3,65.1,84.2,0,0,0,0,0,0,0,1,0,0,0,0,0,1,0
"496",3,65,3,57.4,41.1,0,0,0,0,0,0,0,1,0,0,1,0,0,0,0
"502",0,29,5,67.7,35.1,0,0,0,0,0,0,0,1,0,0,0,0,1,0,0
"508",1,37,3,91.1,82.7,0,0,0,0,0,0,0,0,0,0,1,0,0,0,0
"510",1,37,1,36.2,59.8,0,0,0,0,0,0,0,0,0,0,0,0,0,1,0
"511",2,34,4,67.7,43.1,0,0,0,0,0,0,1,0,0,0,1,0,0,0,0
"512",2,34,4,39.9,84.5,2,0,0,0,0,0,0,1,0,0,0,0,0,0,1
"514",4,70,4,41.6,20.8,0,0,0,0,0,0,0,1,0,0,0,0,0,0,1
"515",5,61,4,52.4,38.8,0,0,0,0,0,0,0,1,0,0,0,0,1,0,0
"516",3,24,3,86.1,23.8,0,0,0,0,0,0,0,1,0,0,0,0,1,0,0
"518",1,53,4,84.5,84.5,2,0,0,0,0,0,0,0,0,0,0,0,1,0,0
"519",0,32,2,89.1,82.5,4,0,1,0,0,0,0,0,0,0,0,0,0,1,0
"520",0,49,2,50.4,28.7,0,0,0,0,0,0,0,0,0,1,0,0,1,0,0
"522",1,23,2,39.9,17,0,0,0,0,0,0,0,0,1,0,0,1,0,0,0
"523",1,41,3,73.4,75.5,4,0,1,0,0,0,0,0,0,0,1,0,0,0,0
"534",2,23,3,77.3,80.9,0,0,0,0,0,0,0,1,0,0,0,0,0,1,0
"537",1,42,3,70.5,35.8,0,0,0,0,0,0,0,1,0,0,0,0,0,1,0
"541",4,53,2,32,20.7,0,0,0,0,0,0,0,1,0,0,0,0,0,1,0
"545",2,35,4,67.7,26.1,0,0,0,0,1,0,0,0,0,0,0,0,0,1,0
"547",3,79,3,67.7,39.7,0,0,0,0,0,0,0,0,0,0,0,1,0,0,0
"549",7,18,3,59.4,84.2,0,0,0,0,0,0,0,1,0,0,0,0,0,1,0
"550",2,68,4,61.2,39.7,0,0,0,1,0,0,0,0,0,0,1,0,0,0,0
"552",5,65,3,45.4,56.9,0,0,0,0,0,0,0,1,0,0,0,0,1,0,0
"553",1,72,3,38.3,35.1,0,0,0,0,0,0,0,1,0,0,0,0,0,1,0
"556",6,60,2,45.4,46.6,0,0,0,0,0,0,0,1,0,0,0,0,0,0,0
"559",3,74,3,51.9,34.8,2,0,0,0,0,1,0,0,0,0,0,0,1,0,0
"561",1,27,4,92.8,54.6,1,0,0,1,0,0,0,0,0,0,0,0,1,0,0
"562",2,28,3,84.5,92.2,0,0,0,0,0,1,0,0,0,0,0,0,1,0,0
"563",1,23,5,56.9,71,1,0,0,1,0,0,0,0,0,0,1,0,0,0,0
"565",2,37,2,67.7,59.1,3,0,0,0,0,1,0,0,0,0,0,0,1,0,0
"568",2,52,4,84.5,84.5,4,0,1,0,0,0,0,0,0,0,1,0,0,0,0
"570",1,24,4,86.6,20.8,4,0,0,0,0,1,0,0,0,0,0,0,1,0,0
"571",2,25,3,69.4,77.2,0,0,0,0,0,1,0,0,0,0,0,0,1,0,0
"572",1,31,3,71.6,67.7,4,0,1,0,0,0,0,0,0,0,0,0,0,1,0
"573",3,39,4,87.9,80.9,0,0,0,0,0,0,0,0,1,0,0,0,1,0,0
"574",3,41,3,80.9,80.9,0,0,0,0,0,1,0,0,0,0,0,0,1,0,0
"575",2,42,3,81,38.1,0,0,0,0,0,1,0,0,0,0,0,0,1,0,0
"577",2,43,3,81,23.3,4,0,0,0,0,1,0,0,0,0,0,0,1,0,0
"578",4,33,3,46,38.3,2,0,0,0,0,1,0,0,0,0,0,0,1,0,0
"579",2,33,5,77.4,59.1,0,0,0,0,0,1,0,0,0,0,0,0,0,1,0
"580",1,38,3,62,38.3,0,0,0,0,0,1,0,0,0,0,0,0,0,1,0
"581",2,58,3,91.1,80.9,4,0,0,0,0,1,0,0,0,0,0,1,0,0,0
"583",3,70,3,43,43,3,0,0,0,0,1,0,0,0,0,0,0,1,0,0
"586",2,59,4,45.4,46.6,0,0,0,0,0,1,0,0,0,0,0,0,0,1,0
"590",2,43,3,85.5,39.7,4,0,1,0,0,0,0,0,0,0,1,0,0,0,0
"591",1,31,3,59.8,38.3,2,0,0,0,0,1,0,0,0,0,0,0,0,1,0
"593",1,51,4,92.1,80.9,2,0,0,1,0,0,0,0,0,0,0,0,1,0,0
"594",2,52,3,72.5,82.5,0,0,0,0,0,1,0,0,0,0,0,0,1,0,0
"597",5,26,4,59.1,88.3,0,0,0,1,0,0,0,0,0,0,0,0,1,0,0
"598",1,56,1,82.5,92.8,4,0,1,0,0,0,0,0,0,0,0,0,1,0,0
"600",2,28,5,77.4,80.7,0,1,0,0,0,0,0,0,0,0,0,0,0,1,0
"601",1,28,4,85.8,73.6,2,0,1,0,0,0,0,0,0,0,1,0,0,0,0
"613",1,33,4,28.7,84.2,1,0,0,0,0,1,0,0,0,0,0,0,0,1,0
"614",1,71,3,49.4,27,3,0,0,0,0,1,0,0,0,0,0,0,1,0,0
"615",3,56,3,23.7,86.6,2,0,0,0,0,1,0,0,0,0,0,1,0,0,0
"617",6,86,3,31.9,31.9,0,0,0,0,0,1,0,0,0,0,0,0,0,0,0
"618",2,27,3,87.9,86.1,0,0,0,0,0,1,0,0,0,0,0,0,0,1,0
"619",3,78,3,28.7,25.7,2,0,0,0,0,1,0,0,0,0,0,1,0,0,0
"621",0,33,4,62,76.3,0,0,0,0,0,1,0,0,0,0,0,0,1,0,0
"622",2,72,3,67.8,38.8,4,0,0,1,0,0,0,0,0,0,1,0,0,0,0
"623",4,74,3,62,26.8,0,0,0,0,0,1,0,0,0,0,0,1,0,0,0
"624",1,59,4,51.9,31.9,0,0,0,0,0,1,0,0,0,0,0,0,1,0,0
"629",2,66,2,55.3,41.1,0,0,0,0,0,1,0,0,0,0,0,0,0,0,1
"633",1,42,4,67.7,41.1,1,0,0,0,0,1,0,0,0,0,0,0,1,0,0
"634",2,67,2,27.7,12.7,4,0,0,0,0,1,0,0,0,0,0,0,1,0,0
"637",1,61,2,77.2,32.6,1,0,0,0,0,1,0,0,0,0,0,0,0,1,0
"641",1,53,3,24.6,13.6,1,0,0,0,0,1,0,0,0,0,0,0,0,1,0
"643",2,75,3,30.1,39.9,0,0,0,0,0,1,0,0,0,0,0,0,0,0,0
"645",2,65,2,35.3,28.6,2,0,0,0,0,1,0,0,0,0,0,1,0,0,0
"646",3,74,3,26.8,25,4,0,0,0,0,1,0,0,0,0,0,0,1,0,0
"648",1,52,2,87.6,38.3,1,0,0,0,0,1,0,0,0,0,0,1,0,0,0
"650",5,69,3,42.8,84.2,3,0,0,0,0,1,0,0,0,0,0,0,0,0,1
"651",3,59,4,83.8,91.1,2,0,0,0,0,1,0,0,0,0,0,0,1,0,0
"653",1,39,2,50,35.3,0,0,0,0,0,1,0,0,0,0,0,1,0,0,0
"654",1,38,4,50.4,82.5,0,0,0,0,1,0,0,0,0,0,0,0,0,1,0
"655",2,34,5,92.8,39.7,0,0,0,0,0,0,0,0,0,1,1,0,0,0,0
"657",2,68,3,57.8,50.7,4,0,0,0,0,0,0,0,0,0,0,0,0,1,0
"658",1,82,3,43,38.8,0,0,0,0,0,0,1,0,0,0,0,1,0,0,0
"659",4,27,3,73.9,71,0,0,0,0,0,0,0,0,0,0,0,0,0,1,0
"661",3,60,4,91.1,37.6,0,0,0,0,0,0,0,0,0,0,0,0,0,1,0
"663",3,54,2,86.5,80.9,3,0,0,0,0,0,1,0,0,0,0,0,0,1,0
"664",1,68,2,37.6,38.8,4,0,1,0,0,0,0,0,0,0,0,0,1,0,0
"667",3,74,2,19.6,13.2,4,0,0,0,0,0,1,0,0,0,1,0,0,0,0
"669",5,80,3,30.9,84.2,4,0,0,0,0,1,0,0,0,0,0,0,1,0,0
"670",1,47,3,50.4,12.6,2,0,0,0,0,0,1,0,0,0,0,1,0,0,0
"673",1,45,4,69.3,57.8,4,0,0,0,0,0,0,0,0,1,1,0,0,0,0
"674",3,70,4,73.9,71.8,0,0,0,0,0,0,1,0,0,0,0,1,0,0,0
"675",2,78,4,41,43,1,0,0,0,0,0,0,0,0,1,1,0,0,0,0
"677",3,53,4,59.1,38.3,2,0,0,0,0,0,1,0,0,0,0,0,0,0,1
"680",3,52,2,62.6,46.6,0,0,0,0,0,0,1,0,0,0,0,0,1,0,0
"683",7,44,4,37.6,82.5,0,0,0,0,0,0,0,0,0,1,0,0,0,1,0
"684",1,24,3,18.6,12.6,4,0,0,0,0,0,1,0,0,0,0,1,0,0,0
"686",1,57,3,84.5,25.7,0,0,0,0,0,0,1,0,0,0,1,0,0,0,0
"688",7,67,5,82.5,82.5,0,0,0,0,0,0,1,0,0,0,0,0,0,1,0
"689",2,32,1,19.6,82.5,4,0,1,0,0,0,0,0,0,0,0,0,1,0,0
"691",3,41,3,14,14,4,0,0,0,0,0,1,0,0,0,0,0,0,0,0
"692",7,37,3,59.1,19.7,4,0,0,0,0,0,1,0,0,0,0,1,0,0,0
"694",2,86,1,71,12.6,4,0,1,0,0,0,0,0,0,0,0,1,0,0,0
"695",1,41,4,85.2,24.2,4,0,0,0,0,0,1,0,0,0,1,0,0,0,0
"697",1,21,3,25.2,35.8,4,0,0,0,0,0,1,0,0,0,0,0,1,0,0
"699",4,55,3,67.7,54.6,4,0,1,0,0,0,0,0,0,0,1,0,0,0,0
"700",1,29,4,86.5,71.8,1,0,0,0,0,0,1,0,0,0,0,0,0,1,0
"702",2,28,4,39.2,20.7,4,0,0,0,0,0,1,0,0,0,0,1,0,0,0
"706",1,27,3,20.7,38.8,1,0,0,0,0,0,1,0,0,0,0,0,0,0,1
"709",2,72,3,19,26.8,3,0,0,0,0,0,1,0,0,0,0,0,0,1,0
"711",6,57,2,84.5,87.3,4,0,0,0,0,0,0,1,0,0,0,0,0,0,1
"713",3,60,4,62,80.9,0,0,0,0,0,0,1,0,0,0,0,0,1,0,0
"714",1,20,3,64.5,24.6,0,0,0,0,0,0,1,0,0,0,0,0,1,0,0
"719",4,46,4,73.5,82.5,0,0,0,0,0,0,1,0,0,0,0,0,1,0,0
"721",1,72,3,57.5,38.3,1,0,0,0,0,0,1,0,0,0,0,0,0,0,0
"722",3,61,3,89.3,37.2,2,0,0,0,0,0,1,0,0,0,0,0,0,0,1
"726",2,79,2,23.2,38.3,1,0,0,0,0,0,1,0,0,0,0,0,1,0,0
"728",4,73,3,25.2,19.6,2,0,0,0,0,0,1,0,0,0,0,0,1,0,0
"729",1,37,4,67.7,76.3,0,0,0,0,0,0,1,0,0,0,0,0,0,1,0
"730",2,32,3,13.6,32.6,4,0,0,0,0,0,0,0,0,1,0,1,0,0,0
"731",4,49,3,85.2,61.4,2,0,0,0,0,0,0,0,0,1,1,0,0,0,0
"733",3,38,4,18.6,84.2,0,0,0,0,0,0,0,0,0,1,0,0,0,1,0
"736",5,60,2,39.9,39.9,4,0,1,0,0,0,0,0,0,0,0,0,1,0,0
"741",2,45,2,26.5,26.5,4,0,0,0,0,0,0,0,0,1,1,0,0,0,0
"742",2,66,2,43.8,38.8,0,0,0,0,0,0,0,0,0,0,1,0,0,0,0
"745",6,75,3,77.4,60.1,0,0,0,0,0,0,0,0,0,0,0,0,1,0,0
"753",2,59,4,75.5,82.5,1,0,0,0,0,1,0,0,0,0,0,0,0,1,0
"754",1,31,3,67.7,59.1,4,0,0,0,0,0,0,0,0,1,0,0,1,0,0
"761",2,25,4,56.9,62.9,1,0,0,0,0,0,0,0,0,1,0,0,0,1,0
"762",5,68,2,53.7,31.9,0,0,0,0,0,0,0,1,0,0,0,0,1,0,0
"763",1,38,1,25.2,24.2,4,0,0,1,0,0,0,0,0,0,1,0,0,0,0
"764",1,22,4,83.8,67.7,0,0,0,0,0,0,0,0,0,1,0,0,0,1,0
"766",1,35,1,21.6,21.6,4,0,0,0,0,0,0,0,0,1,1,0,0,0,0
"768",2,49,4,68,82.5,0,0,0,0,0,0,0,0,0,1,0,0,1,0,0
"771",2,40,3,86.8,67.7,1,0,0,1,0,0,0,0,0,0,1,0,0,0,0
"780",1,69,3,62,34.8,2,0,0,0,0,0,0,0,0,1,1,0,0,0,0
"781",1,78,3,58.1,80.9,0,0,0,0,0,0,0,0,1,0,0,0,0,1,0
"783",4,66,2,62,72.5,3,0,0,0,0,0,0,0,0,1,0,1,0,0,0
"784",1,21,3,53.6,37.6,2,0,0,0,0,0,0,0,0,1,0,1,0,0,0
"786",1,62,3,52.1,39.7,0,0,0,0,0,0,0,0,0,1,0,0,1,0,0
"788",0,37,1,62.6,37.2,0,0,0,0,0,0,0,0,0,1,0,0,1,0,0
"789",5,68,3,50.4,43,2,0,0,0,0,0,0,0,1,0,1,0,0,0,0
"790",2,39,4,80.9,82.5,0,0,0,0,0,0,0,0,0,1,0,1,0,0,0
"791",1,42,2,20.7,13.2,4,0,0,0,0,0,0,0,0,1,0,0,0,1,0
"792",3,37,3,26.5,26.5,4,0,0,0,0,0,1,0,0,0,0,1,0,0,0
"794",3,69,3,44.9,13.2,2,0,1,0,0,0,0,0,0,0,1,0,0,0,0
"797",2,64,1,39.9,21.6,0,0,0,0,0,0,0,0,1,0,0,0,0,0,0
"800",6,55,3,20.7,24.2,4,0,0,0,0,0,0,0,0,0,0,0,0,1,0
"804",2,77,3,65.1,39.7,0,0,0,0,0,0,0,0,0,1,0,0,0,0,1
"805",1,56,3,25,38.8,0,0,0,0,0,0,0,0,0,1,0,0,0,0,1
"806",1,56,3,38.3,58.4,0,0,0,0,0,0,0,0,1,0,0,0,1,0,0
"807",3,19,2,23.3,24.2,3,0,0,0,0,0,0,0,0,1,1,0,0,0,0
"809",4,41,3,28.7,38.8,4,0,0,0,0,0,0,1,0,0,1,0,0,0,0
"814",1,40,3,57.5,38.8,0,0,0,0,0,0,0,0,0,1,0,0,0,1,0
"821",2,54,4,62.7,46.6,1,0,0,0,0,0,0,0,0,1,0,0,0,1,0
"823",3,66,3,50.4,61.5,0,0,0,0,0,0,1,0,0,0,0,0,1,0,0
"824",3,54,4,48.8,24.2,0,0,0,0,0,0,0,0,0,1,0,0,1,0,0
"827",3,32,3,67.7,38.3,0,0,0,0,0,0,0,0,1,0,0,0,1,0,0
"828",5,67,1,39.7,26.8,4,0,1,0,0,0,0,0,0,0,0,0,1,0,0
"831",3,39,1,51.5,26.8,4,0,0,0,0,0,0,0,0,1,1,0,0,0,0
"832",3,28,3,61.2,39.7,0,0,0,0,0,0,0,0,0,1,0,0,0,1,0
"833",3,60,3,45.1,15.8,0,0,0,1,0,0,0,0,0,0,1,0,0,0,0
"836",3,57,2,45.4,24.6,0,0,0,0,0,0,0,0,0,1,0,0,0,0,0
"839",5,55,2,31.2,71.7,0,0,0,0,0,0,0,0,0,1,0,0,1,0,0
"840",3,60,4,84.5,38.8,0,0,0,0,0,0,0,0,1,0,0,0,1,0,0
"841",3,79,3,25,38.8,4,0,0,1,0,0,0,0,0,0,0,0,1,0,0
"842",1,41,2,62.6,45.3,0,0,0,1,0,0,0,0,0,0,0,0,0,0,1
"846",1,28,4,85.2,89.3,0,0,0,0,0,0,0,1,0,0,0,1,0,0,0
"847",2,42,2,28.7,62.9,0,0,0,0,0,0,0,0,0,0,0,0,1,0,0
"848",3,36,2,39.7,43,2,0,0,0,0,0,0,1,0,0,0,0,0,1,0
"850",3,60,2,38.3,28.7,1,0,0,0,0,0,0,1,0,0,0,0,0,1,0
"851",2,59,4,67.7,38.8,0,0,0,1,0,0,0,0,0,0,0,0,0,1,0
"852",1,22,4,85,81,0,0,0,0,0,0,0,1,0,0,0,0,0,1,0
"856",1,22,4,89.3,41,0,0,0,1,0,0,0,0,0,0,0,0,1,0,0
"862",3,58,3,20.7,84.2,3,0,0,1,0,0,0,0,0,0,0,0,0,1,0
"863",1,37,2,65.3,82.5,4,0,1,0,0,0,0,0,0,0,0,1,0,0,0
"864",0,20,4,73.4,87.9,0,0,0,1,0,0,0,0,0,0,0,0,1,0,0
"865",2,64,2,57.5,35.8,4,0,0,0,0,0,0,0,0,0,0,1,0,0,0
"867",1,65,3,89.3,39.2,0,0,0,1,0,0,0,0,0,0,0,0,0,1,0
"868",2,39,4,76.3,84.2,0,0,0,1,0,0,0,0,0,0,0,1,0,0,0
"869",2,54,4,73.9,70.3,0,0,0,1,0,0,0,0,0,0,0,0,1,0,0
"871",1,76,2,35.2,13.6,4,0,0,1,0,0,0,0,0,0,0,1,0,0,0
"872",3,68,3,26.8,20.7,0,0,0,0,0,0,0,0,0,0,0,0,0,1,0
"874",5,63,2,67.7,67.7,4,0,1,0,0,0,0,0,0,0,1,0,0,0,0
"875",2,21,3,76.3,71.7,0,0,0,1,0,0,0,0,0,0,0,0,0,1,0
"878",3,34,3,62.9,80.9,3,0,0,1,0,0,0,0,0,0,1,0,0,0,0
"880",2,32,3,86.1,21.8,4,0,1,0,0,0,0,0,0,0,0,1,0,0,0
"882",2,76,3,31.2,39.9,0,0,0,0,0,0,0,1,0,0,0,0,1,0,0
"887",2,53,3,43.8,56.9,0,0,0,1,0,0,0,0,0,0,1,0,0,0,0
"892",0,51,3,50.4,20.8,0,0,0,1,0,0,0,0,0,0,0,0,1,0,0
"893",4,54,3,77,59.8,0,0,0,1,0,0,0,0,0,0,0,0,0,0,1
"894",3,75,2,31.6,13.2,0,0,0,1,0,0,0,0,0,0,0,0,1,0,0
"898",13,75,2,24.2,12.6,1,0,0,0,0,0,0,1,0,0,0,1,0,0,0
"903",7,57,2,53.6,38.3,0,0,0,0,0,0,0,1,0,0,1,0,0,0,0
"904",1,33,3,43,61.5,0,0,0,1,0,0,0,0,0,0,0,0,1,0,0
"905",4,59,3,56.9,38.8,0,0,0,1,0,0,0,0,0,0,0,1,0,0,0
"910",3,70,2,23.3,38.3,0,0,0,0,0,0,0,0,0,1,0,0,1,0,0
"912",9,42,2,27.2,31.6,2,0,0,0,0,0,0,0,0,1,0,0,1,0,0
"917",0,75,3,24.6,19.6,2,0,0,0,0,0,0,0,0,1,0,0,1,0,0
"921",2,21,3,46,38.3,0,0,0,0,0,0,0,0,0,1,1,0,0,0,0
"922",2,44,4,48.8,38.2,0,0,0,0,0,0,0,0,0,1,0,0,1,0,0
"934",4,62,3,50.4,38.8,3,0,0,1,0,0,0,0,0,0,0,0,1,0,0
"951",1,38,1,18.6,24.2,4,0,0,0,0,0,0,0,0,1,0,0,0,0,1
"952",0,50,3,69.3,20.8,4,0,1,0,0,0,0,0,0,0,1,0,0,0,0
"954",2,42,4,43,32.6,1,0,1,0,0,0,0,0,0,0,0,1,0,0,0
"955",2,50,3,69.3,80.9,0,0,0,0,0,1,0,0,0,0,0,0,1,0,0
"956",5,34,2,20.7,19.6,4,0,0,0,0,0,0,0,0,1,1,0,0,0,0
"959",2,23,1,76.3,38.3,3,0,0,0,0,0,0,0,0,1,0,0,1,0,0
"960",2,34,3,73.9,26.8,4,0,1,0,0,0,0,0,0,0,1,0,0,0,0
"962",1,36,3,67.7,92,4,0,1,0,0,0,0,0,0,0,0,1,0,0,0
"964",1,81,4,66.1,84.2,0,0,0,0,0,0,0,0,0,0,0,0,0,1,0
"965",1,57,4,85.2,80.9,1,0,0,0,0,0,0,0,0,1,1,0,0,0,0
"968",3,49,3,83.8,23.8,4,0,1,0,0,0,0,0,0,0,1,0,0,0,0
"969",2,50,3,67.7,35.8,4,0,1,0,0,0,0,0,0,0,0,0,0,1,0
"977",5,32,4,27,19.6,0,0,0,0,0,0,0,1,0,0,1,0,0,0,0
"979",3,41,3,52.5,80.9,0,0,0,0,0,0,0,1,0,0,0,1,0,0,0
"983",4,20,3,23.3,14,4,0,0,0,0,0,0,1,0,0,0,0,1,0,0
"984",1,82,2,39.9,12.6,0,0,0,0,0,0,0,1,0,0,0,1,0,0,0
"990",4,84,3,23.3,12.6,0,0,0,0,0,0,0,1,0,0,1,0,0,0,0
"996",3,23,2,25.2,12.6,4,0,0,0,0,0,0,1,0,0,0,0,0,1,0
"998",3,60,3,50.4,38.8,0,0,0,0,0,0,0,1,0,0,0,1,0,0,0
"999",4,62,3,28.4,13.3,0,0,0,0,0,0,0,0,0,1,0,0,1,0,0
"1002",2,47,3,26.8,35.8,0,0,0,0,0,0,0,1,0,0,0,0,0,1,0
"1009",3,35,4,26.8,31.6,4,0,0,0,0,0,0,1,0,0,1,0,0,0,0
"1011",3,69,3,32,13.2,0,0,0,0,0,0,0,1,0,0,1,0,0,0,0
"1012",2,22,2,28.7,41.1,2,0,0,0,0,0,0,1,0,0,0,0,1,0,0
"1013",1,36,3,69.3,46.6,0,0,0,0,0,0,0,1,0,0,0,0,0,1,0
"1023",0,39,3,60.3,60.3,0,0,0,0,0,0,0,1,0,0,0,1,0,0,0
"1024",3,53,4,23.3,26.1,0,0,0,0,0,0,0,1,0,0,1,0,0,0,0
"1027",4,74,2,28.7,13.2,0,0,0,0,0,0,0,1,0,0,0,1,0,0,0
"1028",3,23,3,23.3,77.4,0,0,0,0,0,0,0,1,0,0,1,0,0,0,0
"1031",9,60,4,57.5,19.6,0,0,0,0,0,0,0,1,0,0,0,0,0,0,1
"1032",1,58,3,57.5,38.8,4,0,1,0,0,0,0,0,0,0,1,0,0,0,0
"1034",4,76,2,57.8,19.6,0,0,0,0,1,0,0,0,0,0,0,1,0,0,0
"1036",3,31,3,69.3,77.4,0,0,0,0,0,0,0,1,0,0,0,0,0,1,0
"1038",1,18,1,81.6,84,4,0,0,0,0,0,0,1,0,0,1,0,0,0,0
"1043",3,25,3,57.3,39.7,0,0,0,0,0,0,0,1,0,0,1,0,0,0,0
"1045",2,23,3,18.6,12.6,0,0,0,0,0,0,0,1,0,0,0,1,0,0,0
"1046",6,55,4,77.4,35.8,0,0,1,0,0,0,0,0,0,0,0,1,0,0,0
"1047",2,35,3,19.7,57.8,4,0,0,0,0,0,0,1,0,0,0,0,0,1,0
"1049",8,71,3,32.8,59.8,4,0,1,0,0,0,0,0,0,0,0,0,0,0,1
"1051",3,59,4,41,26.5,4,0,1,0,0,0,0,0,0,0,0,0,0,0,1
"1052",4,25,2,41,13.6,4,0,1,0,0,0,0,0,0,0,0,0,1,0,0
"1055",1,29,2,20.7,12.6,4,0,0,0,0,0,0,1,0,0,1,0,0,0,0
"1056",3,47,2,18.8,37.6,4,0,0,0,0,0,0,1,0,0,0,0,0,1,0
"1058",0,47,1,28.5,26.5,4,0,0,0,0,0,0,1,0,0,1,0,0,0,0
"1066",2,37,3,57.8,79.3,0,0,0,0,0,0,0,0,0,1,0,0,0,1,0
"1069",1,62,3,34.6,39.7,4,0,0,1,0,0,0,0,0,0,1,0,0,0,0
"1071",3,61,3,80.9,80.9,0,0,0,0,0,0,0,0,1,0,0,0,1,0,0
"1072",1,43,3,92.8,31.9,4,0,1,0,0,0,0,0,0,0,0,0,1,0,0
"1074",0,82,4,46.5,80.9,0,0,0,0,0,0,0,0,0,1,0,0,1,0,0
"1075",1,56,3,71.8,80.9,0,0,0,0,0,0,0,0,0,0,0,1,0,0,0
"1082",4,25,3,57.5,38.8,4,0,1,0,0,0,0,0,0,0,1,0,0,0,0
"1085",2,44,3,43,31.6,0,0,0,1,0,0,0,0,0,0,1,0,0,0,0
"1087",1,36,1,28.5,20.8,0,0,0,0,0,0,0,1,0,0,1,0,0,0,0
"1089",6,34,3,28.7,80.9,3,0,1,0,0,0,0,0,0,0,0,0,1,0,0
"1094",1,72,4,81.5,53.9,4,0,1,0,0,0,0,0,0,0,0,1,0,0,0
"1095",3,44,2,69.3,82.5,4,0,1,0,0,0,0,0,0,0,1,0,0,0,0
"1097",1,21,5,89.1,69.3,0,0,0,0,0,0,0,0,0,0,0,0,0,1,0
"1098",2,44,2,32,23.3,0,0,0,0,0,0,0,0,0,0,0,0,0,1,0
"1102",1,26,3,59.8,84.2,0,0,0,0,1,0,0,0,0,0,0,0,1,0,0
"1103",5,54,3,92,38.8,0,0,0,0,1,0,0,0,0,0,0,0,0,1,0
"1104",0,36,4,83.8,83.8,0,0,0,0,0,0,0,0,0,0,0,1,0,0,0
"1112",1,64,3,62.6,80.9,0,0,0,0,0,0,0,0,0,0,1,0,0,0,0
"1114",8,23,3,20.9,24.2,0,0,0,0,0,0,0,0,0,0,1,0,0,0,0
"1117",2,67,3,25,37.2,2,0,0,0,0,0,0,0,0,0,0,0,1,0,0
"1119",1,42,3,32,38.8,0,0,0,0,0,0,0,0,0,0,0,1,0,0,0
"1120",5,60,3,77.4,32.6,0,0,0,0,0,0,0,0,0,0,0,0,0,1,0
"1121",3,66,4,39.2,35.8,0,0,0,0,0,0,0,0,0,0,0,0,0,1,0
"1122",8,51,3,69.4,80.9,4,0,1,0,0,0,0,0,0,0,1,0,0,0,0
"1123",1,39,4,91.1,65.3,2,0,0,0,0,0,0,0,0,0,0,0,0,1,0
"1126",3,85,4,39.9,80.9,2,0,0,0,0,0,0,0,0,0,0,0,1,0,0
"1128",4,70,2,57.8,21.6,2,0,0,0,0,0,0,0,0,0,0,0,0,1,0
"1130",5,72,3,41,13.6,2,0,0,0,0,0,0,0,0,0,1,0,0,0,0
"1131",3,41,4,25,20.7,0,0,0,0,0,0,0,0,0,0,0,0,0,1,0
"1136",2,69,3,24.6,26.8,4,0,0,0,0,0,0,0,0,0,1,0,0,0,0
"1137",2,30,2,81,38.8,0,0,0,0,0,0,1,0,0,0,0,1,0,0,0
"1141",4,61,1,32,32,0,0,0,0,0,0,0,0,0,0,0,0,1,0,0
"1142",17,18,3,32.6,20.1,0,0,0,0,0,0,0,0,0,0,0,0,0,1,0
"1144",1,78,4,67.7,80.9,0,0,0,0,0,0,0,0,0,0,1,0,0,0,0
"1148",12,22,2,59.1,56.9,0,0,0,0,0,0,0,0,0,0,1,0,0,0,0
"1152",4,50,2,25,39.7,0,0,0,0,0,0,0,0,0,0,1,0,0,0,0
"1153",2,75,3,32,25,1,0,0,0,0,0,0,0,0,0,1,0,0,0,0
"1155",1,25,2,25.2,76.3,0,0,0,0,0,1,0,0,0,0,1,0,0,0,0
"1158",2,64,2,65.3,26.9,0,0,0,0,0,0,0,0,0,0,0,1,0,0,0
"1165",1,51,3,62.9,35.8,4,0,0,0,0,0,0,0,0,0,0,0,1,0,0
"1169",1,52,1,31.2,38.8,4,0,0,0,0,0,0,0,0,0,0,0,1,0,0
"1173",2,41,3,32,80.9,0,0,0,0,0,0,0,0,0,1,0,1,0,0,0
"1180",2,55,4,43,23.8,0,0,0,0,0,0,1,0,0,0,0,0,1,0,0
"1181",1,71,4,59.1,76.7,1,0,0,0,0,0,1,0,0,0,0,0,1,0,0
"1183",2,82,4,68.6,80.9,0,0,0,0,0,0,0,0,0,0,0,1,0,0,0
"1187",1,55,3,46,76.7,1,0,0,0,0,0,1,0,0,0,0,1,0,0,0
"1197",2,39,2,69.3,50.7,4,0,1,0,0,0,0,0,0,0,0,1,0,0,0
"1198",1,33,3,60.3,39.2,0,0,0,0,1,0,0,0,0,0,0,0,1,0,0
"1200",1,21,4,87.9,86.1,4,0,0,0,0,0,1,0,0,0,0,1,0,0,0
"1201",3,22,3,87.9,80.9,0,0,0,0,0,0,1,0,0,0,0,0,0,1,0
"1206",1,55,4,24.6,25,4,0,0,0,0,0,1,0,0,0,0,0,0,1,0
"1209",2,37,4,65.3,84.2,0,0,0,0,0,0,1,0,0,0,0,0,0,1,0
"1212",5,73,2,32,12.6,0,0,0,0,0,0,0,1,0,0,0,0,0,0,0
"1214",1,80,2,31.2,13.6,1,0,0,0,1,0,0,0,0,0,0,0,1,0,0
"1215",2,47,3,89.3,23.3,1,0,0,0,0,0,1,0,0,0,0,1,0,0,0
"1216",1,54,4,50.4,60.3,0,0,0,0,0,0,1,0,0,0,0,0,1,0,0
"1222",0,35,3,58.4,19.6,0,0,0,0,0,0,1,0,0,0,0,0,0,1,0
"1225",3,63,4,92.8,84.5,1,0,0,0,0,0,0,1,0,0,0,0,0,1,0
"1227",2,58,3,62,46.6,0,0,0,0,0,0,1,0,0,0,0,0,0,1,0
"1230",2,75,5,67.7,82.5,0,0,1,0,0,0,0,0,0,0,1,0,0,0,0
"1231",2,49,3,91.1,83.4,2,0,0,0,0,0,0,0,1,0,1,0,0,0,0
"1233",1,46,4,39.2,92.8,0,0,0,0,0,0,0,0,1,0,0,0,1,0,0
"1240",3,56,3,76.3,39.7,2,0,1,0,0,0,0,0,0,0,0,0,1,0,0
"1246",6,40,3,28.7,46.6,0,0,0,0,0,0,0,0,0,0,0,0,0,1,0
"1248",5,71,3,62,39.7,0,0,0,0,0,0,1,0,0,0,0,1,0,0,0
"1249",1,53,3,57.4,80.9,0,0,0,0,1,0,0,0,0,0,0,0,0,1,0
"1250",1,41,3,21.5,38.8,2,0,0,0,0,0,1,0,0,0,1,0,0,0,0
"1252",1,38,3,43,26.1,0,0,0,0,1,0,0,0,0,0,0,0,0,1,0
"1253",1,43,3,59.1,76.3,0,0,0,0,0,0,1,0,0,0,0,0,0,1,0
"1254",12,58,2,32,23.8,4,0,0,0,0,0,1,0,0,0,1,0,0,0,0
"1256",3,38,1,50.4,33.4,0,0,0,0,0,0,0,0,1,0,0,0,1,0,0
"1263",1,36,3,50.4,80.9,0,0,0,0,1,0,0,0,0,0,0,1,0,0,0
"1266",2,71,2,50.4,13.2,4,0,1,0,0,0,0,0,0,0,1,0,0,0,0
"1267",8,40,3,61.4,77.2,0,0,0,0,1,0,0,0,0,0,0,0,0,1,0
"1268",8,43,3,28.4,24.2,0,0,0,0,0,0,1,0,0,0,1,0,0,0,0
"1272",8,33,3,59.1,84.2,0,0,0,0,0,0,0,0,0,0,1,0,0,0,0
"1276",1,52,3,43.5,31.6,0,0,0,0,0,0,1,0,0,0,0,0,1,0,0
"1277",6,55,3,28.7,76.3,3,0,0,0,1,0,0,0,0,0,0,0,1,0,0
"1287",1,54,2,39.9,41.1,4,0,0,0,0,0,0,0,0,1,0,1,0,0,0
"1288",1,23,3,50.4,84.2,0,0,0,0,0,0,0,1,0,0,0,1,0,0,0
"1290",3,26,4,87.9,37.6,0,0,0,0,1,0,0,0,0,0,0,0,0,1,0
"1291",1,42,2,20,46.6,4,0,0,0,0,0,1,0,0,0,0,0,0,0,1
"1292",3,73,2,27.7,43,0,0,0,0,1,0,0,0,0,0,0,0,1,0,0
"1294",1,32,5,87.9,86.1,4,0,0,1,0,0,0,0,0,0,0,0,1,0,0
"1296",7,21,3,39.9,39.9,0,0,0,0,1,0,0,0,0,0,0,0,0,0,0
"1297",3,60,3,32,12.6,1,0,0,0,1,0,0,0,0,0,0,0,1,0,0
"1304",6,57,3,28.4,38.8,0,0,0,0,0,0,0,0,1,0,1,0,0,0,0
"1305",1,36,3,65.3,60.5,0,0,0,0,0,0,0,0,1,0,0,0,0,1,0
"1308",3,41,4,91.1,80.9,1,0,0,0,0,0,0,0,1,0,1,0,0,0,0
"1310",3,72,1,23.3,12.6,0,1,0,0,0,0,0,0,0,0,0,1,0,0,0
"1311",6,27,2,57.5,73.9,0,0,0,0,0,0,0,0,0,0,0,0,1,0,0
"1313",3,33,4,83.8,87.3,2,0,0,0,0,0,0,0,1,0,0,0,0,1,0
"1314",1,23,4,75.6,37.8,0,0,0,0,0,0,0,0,1,0,1,0,0,0,0
"1315",8,74,3,25.2,22.9,0,0,0,0,0,0,0,0,1,0,0,1,0,0,0
"1316",1,20,2,83.8,38.8,0,0,0,0,0,0,0,0,1,0,0,0,0,0,1
"1318",8,42,4,45.4,37.6,2,0,0,0,0,0,0,0,1,0,0,0,0,1,0
"1319",3,33,3,69.3,80.9,0,0,0,0,0,0,0,0,1,0,0,0,1,0,0
"1320",4,66,3,67.7,46.6,0,0,0,0,0,0,0,0,0,0,0,0,1,0,0
"1321",1,41,3,62.9,28.6,0,0,0,0,0,0,0,0,1,0,0,0,0,1,0
"1323",2,74,2,57.5,33.4,3,0,0,0,0,0,0,0,1,0,0,0,0,1,0
"1324",2,46,3,62,38.3,4,0,1,0,0,0,0,0,0,0,1,0,0,0,0
"1325",2,44,3,57.4,38.8,0,0,0,0,0,0,0,0,1,0,0,0,0,1,0
"1326",3,42,3,82.5,82.5,0,0,0,0,0,0,0,0,1,0,0,0,1,0,0
"1327",3,45,5,67.7,53.8,0,0,0,0,0,0,0,0,1,0,0,0,0,0,0
"1328",1,38,3,33.2,61.4,2,0,0,0,0,0,0,0,1,0,0,0,0,1,0
"1329",1,46,2,80.9,80.9,2,0,0,0,0,0,0,0,1,0,0,0,0,1,0
"1331",2,22,4,69.3,56.9,0,0,0,0,0,0,0,0,1,0,0,0,0,1,0
"1332",1,42,3,73.9,80.9,0,0,0,0,0,0,0,0,1,0,0,0,0,1,0
"1334",1,38,4,69.3,41.1,0,0,0,0,0,0,0,0,1,0,0,0,0,1,0
"1338",3,46,3,26.8,9,0,0,0,0,0,0,0,0,1,0,0,0,0,0,1
"1340",5,78,3,50,38.8,0,0,0,0,0,0,0,0,1,0,0,0,1,0,0
"1348",3,58,3,38.3,26.8,2,0,0,0,0,0,0,0,0,0,0,0,0,0,0
"1349",3,51,4,30.1,65.3,1,0,0,0,0,0,0,0,1,0,0,0,1,0,0
"1350",3,30,1,25,24.2,0,0,0,0,0,0,0,0,1,0,0,0,1,0,0
"1351",11,28,4,89.3,43,0,0,0,0,0,0,1,0,0,0,0,0,1,0,0
"1353",4,32,2,14,39.7,4,0,1,0,0,0,0,0,0,0,0,0,1,0,0
"1354",1,50,5,23.3,26.5,4,0,0,0,0,0,1,0,0,0,1,0,0,0,0
"1357",1,32,2,32,38.3,4,0,0,0,0,0,1,0,0,0,1,0,0,0,0
"1358",2,33,3,25.2,69.3,4,0,0,0,0,0,1,0,0,0,0,0,0,1,0
"1362",3,38,3,65.3,46.6,1,0,0,0,0,0,1,0,0,0,0,1,0,0,0
"1364",2,57,3,65.3,44.9,1,0,0,0,0,0,1,0,0,0,0,0,1,0,0
"1365",3,37,2,13.6,13.6,4,0,0,0,0,0,1,0,0,0,0,1,0,0,0
"1379",2,33,3,12.6,21.6,4,0,1,0,0,0,0,0,0,0,0,0,1,0,0
"1386",7,60,3,65.3,38.8,2,0,0,0,0,0,0,0,0,0,1,0,0,0,0
"1387",6,67,2,23,12.6,4,0,0,0,1,0,0,0,0,0,1,0,0,0,0
"1390",5,60,4,92,92,4,0,0,0,1,0,0,0,0,0,0,0,1,0,0
"1393",3,24,3,32,24.6,4,0,0,0,1,0,0,0,0,0,0,0,0,1,0
"1394",1,31,3,81,60.3,1,0,0,0,0,0,1,0,0,0,0,1,0,0,0
"1397",2,45,3,62.7,39.7,4,0,1,0,0,0,0,0,0,0,0,0,1,0,0
"1398",2,73,4,67.7,38.8,0,0,0,0,0,0,0,0,0,1,0,0,1,0,0
"1399",1,67,3,27,84.2,0,0,0,1,0,0,0,0,0,0,0,0,1,0,0
"1401",2,79,2,38.3,13.6,4,0,0,0,0,0,0,0,0,0,1,0,0,0,0
"1403",2,35,3,59.1,69.3,0,0,0,0,1,0,0,0,0,0,0,0,0,1,0
"1404",2,56,3,67.7,84.2,0,0,0,0,1,0,0,0,0,0,0,0,0,1,0
"1406",2,32,4,83.8,38.8,0,0,0,0,0,0,0,0,0,0,0,1,0,0,0
"1407",2,64,2,86.5,76.3,0,0,0,0,0,0,0,1,0,0,0,0,0,1,0
"1409",1,30,3,63.7,69.5,0,0,0,0,0,0,1,0,0,0,1,0,0,0,0
"1411",3,33,4,76.3,59.1,0,0,0,0,1,0,0,0,0,0,0,0,0,1,0
"1413",0,76,3,32,52,0,0,0,0,0,0,0,0,0,0,0,0,1,0,0
"1415",3,60,4,52.4,84.2,0,0,0,0,0,0,0,0,0,0,0,0,1,0,0
"1416",1,66,4,38.3,20.5,4,0,0,0,0,0,0,0,0,0,0,1,0,0,0
"1417",1,78,3,14.8,23.3,4,0,0,0,0,0,0,0,0,0,0,0,0,0,1
"1420",1,63,3,46.5,21.6,4,0,0,0,0,0,0,0,0,0,0,0,0,1,0
"1424",2,79,3,39.9,14,0,0,0,0,0,0,0,1,0,0,0,0,1,0,0
"1426",1,66,3,24,31.9,4,0,0,0,0,0,0,0,0,0,1,0,0,0,0
"1429",3,62,3,31.2,39.7,0,0,0,0,0,0,0,0,0,0,0,0,1,0,0
"1430",4,61,3,38.8,36.4,0,0,0,0,0,0,0,0,0,0,0,0,0,1,0
"1432",1,46,3,32,59.8,0,0,0,0,0,0,0,0,0,0,0,0,0,1,0
"1435",1,65,4,58.4,38.3,0,0,0,0,0,0,0,0,0,0,0,0,0,0,1
"1436",1,63,3,35.2,26.8,3,0,0,0,0,0,0,0,0,0,0,0,1,0,0
"1437",1,61,3,62,41.1,0,0,0,0,0,0,0,0,0,0,0,1,0,0,0
"1439",2,44,3,23.3,23.3,0,0,0,0,0,0,0,0,0,0,0,0,0,1,0
"1441",7,60,5,36.2,24.2,1,0,0,0,0,0,0,0,0,0,0,0,1,0,0
"1442",3,70,2,41.8,13.6,4,0,0,0,0,0,0,0,0,0,0,0,0,1,0
"1451",2,67,2,32.6,20.1,0,0,0,0,0,0,0,0,1,0,1,0,0,0,0
"1452",1,56,4,53.6,80.9,0,0,0,0,0,0,0,0,1,0,0,1,0,0,0
"1455",16,68,3,19.7,13.6,0,0,0,0,0,0,0,0,1,0,1,0,0,0,0
"1456",3,56,4,32,38.3,0,0,0,0,0,0,0,0,1,0,0,0,0,1,0
"1458",3,43,2,23.3,57.5,0,0,0,0,0,0,0,0,1,0,1,0,0,0,0
"1464",6,27,2,28.5,41.1,0,0,0,0,0,0,0,0,1,0,1,0,0,0,0
"1465",2,37,2,23.3,26.9,0,0,0,0,0,0,0,0,1,0,0,1,0,0,0
"1466",3,72,3,32,69.3,0,0,0,0,0,0,0,0,1,0,1,0,0,0,0
"1474",2,77,1,39.7,39.7,0,0,0,0,0,0,1,0,0,0,1,0,0,0,0
"1475",4,48,3,77.4,80.9,0,0,0,0,0,0,0,0,1,0,0,0,0,1,0
"1478",2,68,3,89.1,25.7,0,0,0,0,0,0,0,0,1,0,0,0,0,1,0
"1479",2,39,3,26.8,21.8,0,0,0,0,0,0,0,0,1,0,0,0,0,0,0
"1480",2,51,3,62,52.5,0,0,0,0,0,0,0,0,0,0,0,0,1,0,0
"1487",1,56,3,46.5,57.8,0,0,0,0,0,0,0,0,1,0,0,0,0,0,1
"1489",2,26,2,31.2,30,0,0,0,0,0,0,0,0,0,0,0,0,0,1,0
"1494",3,63,5,89.1,77.4,0,0,0,0,0,0,0,0,0,0,1,0,0,0,0
"1495",2,84,2,35.8,21.8,1,0,0,0,0,1,0,0,0,0,0,1,0,0,0
"1499",2,79,2,65.1,35.8,4,0,0,1,0,0,0,0,0,0,0,0,1,0,0
"1501",2,52,4,69.3,56.9,0,0,0,0,0,0,0,1,0,0,0,0,0,1,0
"1504",1,54,1,31.2,20.7,2,0,0,0,0,0,0,1,0,0,0,0,0,1,0
"1505",2,45,3,92.8,84.2,0,0,0,0,0,0,0,1,0,0,0,1,0,0,0
"1510",1,37,3,63.7,80.9,0,0,0,0,0,0,0,1,0,0,0,1,0,0,0
"1511",1,84,4,76.3,80.9,1,0,0,0,0,0,0,0,0,0,0,0,1,0,0
"1512",3,47,4,73.5,38.1,4,0,1,0,0,0,0,0,0,0,0,0,1,0,0
"1517",3,26,2,18.6,12.6,4,0,0,0,0,0,0,1,0,0,1,0,0,0,0
"1518",2,70,2,28.7,26.5,4,0,1,0,0,0,0,0,0,0,0,0,0,0,1
"1522",5,72,2,39.9,12.6,2,0,0,0,0,0,0,0,0,0,0,0,0,0,0
"1524",4,29,2,24,52,0,0,0,0,0,0,0,1,0,0,0,0,0,1,0
"1529",2,50,4,39.7,38.8,0,0,0,0,0,0,0,1,0,0,0,0,0,0,0
"1532",1,29,4,87.9,61.4,0,0,0,0,0,0,0,1,0,0,0,0,0,1,0
"1534",5,29,2,14,14,4,0,0,0,0,0,0,1,0,0,0,1,0,0,0
"1536",0,51,4,50.4,38.3,0,0,0,0,0,0,0,0,0,1,1,0,0,0,0
"1537",0,39,4,65.3,21.6,0,0,0,0,0,0,0,1,0,0,0,0,1,0,0
"1538",1,55,3,41,21.8,2,0,0,0,0,0,0,1,0,0,0,0,1,0,0
"1547",2,57,2,45.4,30.9,0,0,0,1,0,0,0,0,0,0,1,0,0,0,0
"1548",3,28,2,62.6,10.6,4,0,0,0,0,0,0,1,0,0,0,0,1,0,0
"1552",7,53,2,24.1,18.8,0,0,0,0,0,0,0,1,0,0,0,1,0,0,0
"1553",3,40,1,20.7,26.5,1,0,0,0,0,0,0,1,0,0,0,0,0,1,0
"1557",1,50,3,50.4,46.5,3,0,0,0,0,0,0,0,0,1,0,0,0,1,0
"1560",5,73,5,50.4,27,0,0,0,0,0,0,0,1,0,0,0,0,1,0,0
"1564",1,49,3,59.1,67.7,1,0,0,0,0,0,0,1,0,0,0,0,0,1,0
"1565",3,70,3,86.1,38.8,0,0,0,0,0,0,0,1,0,0,0,0,0,0,1
"1567",2,60,4,83.8,71.8,2,0,0,1,0,0,0,0,0,0,0,0,0,1,0
"1571",2,32,2,27.1,76.3,2,0,0,0,0,0,1,0,0,0,0,0,0,1,0
"1572",5,31,3,21.4,67.7,0,0,0,0,0,0,1,0,0,0,0,1,0,0,0
"1573",4,53,2,52,39.7,4,0,0,0,0,0,1,0,0,0,0,0,0,1,0
"1575",1,42,2,67.7,59.1,0,0,0,0,0,0,1,0,0,0,0,1,0,0,0
"1578",1,59,2,28.3,17.1,0,0,0,0,0,0,1,0,0,0,0,0,1,0,0
"1588",1,66,2,43,23.3,0,0,0,0,0,0,1,0,0,0,1,0,0,0,0
"1591",4,62,3,50.4,13.3,0,0,0,0,0,0,1,0,0,0,0,1,0,0,0
"1593",1,21,5,20.7,28.6,3,0,0,0,0,0,1,0,0,0,0,1,0,0,0
"1595",5,26,4,41.4,82.5,0,0,0,0,0,0,1,0,0,0,0,0,0,1,0
"1596",6,49,4,89.3,38.8,0,0,0,0,0,0,1,0,0,0,0,0,0,1,0
"1598",1,35,3,45.1,76.3,0,0,0,0,0,0,1,0,0,0,0,1,0,0,0
"1600",2,51,2,86.5,45,0,0,0,0,0,0,1,0,0,0,0,0,0,1,0
"1601",1,19,4,63.7,21.8,2,0,0,0,0,0,1,0,0,0,0,1,0,0,0
"1602",5,37,2,18.8,39.7,4,0,1,0,0,0,0,0,0,0,0,0,0,0,1
"1605",2,28,3,20.5,21.6,0,0,0,1,0,0,0,0,0,0,1,0,0,0,0
"1607",2,27,4,77.4,21.8,0,0,0,1,0,0,0,0,0,0,0,0,0,1,0
"1609",1,49,3,62.6,69.3,0,0,0,0,0,0,0,0,1,0,0,0,0,1,0
"1610",1,72,3,20.9,19.6,0,0,0,1,0,0,0,0,0,0,0,0,0,1,0
"1617",1,29,3,25,37.6,0,0,0,1,0,0,0,0,0,0,0,0,1,0,0
"1626",2,45,3,80.9,80.9,1,0,0,1,0,0,0,0,0,0,0,0,1,0,0
"1629",3,67,2,32,31.9,0,0,0,1,0,0,0,0,0,0,0,0,0,0,0
"1630",4,42,2,39.7,19.6,0,0,0,0,0,0,0,0,0,0,0,1,0,0,0
"1632",0,44,4,59.4,80.9,0,0,0,1,0,0,0,0,0,0,0,1,0,0,0
"1633",2,63,3,28.7,26.5,4,0,0,1,0,0,0,0,0,0,0,1,0,0,0
"1634",1,51,2,20.7,45,0,0,0,1,0,0,0,0,0,0,0,0,1,0,0
"1642",3,46,4,62,59.1,0,0,0,0,0,0,0,0,1,0,0,1,0,0,0
"1643",1,45,3,43,37.6,0,0,0,1,0,0,0,0,0,0,0,0,0,1,0
"1646",0,55,2,91.1,82.5,0,0,0,0,0,0,0,0,0,1,0,1,0,0,0
"1647",1,22,3,76.3,84.2,0,0,0,0,0,0,0,1,0,0,0,0,0,1,0
"1648",2,31,2,23.3,39.7,4,0,1,0,0,0,0,0,0,0,1,0,0,0,0
"1652",3,32,3,62.6,65.3,0,0,0,0,0,0,0,1,0,0,0,0,1,0,0
"1653",3,50,3,31.6,81,4,0,1,0,0,0,0,0,0,0,0,0,1,0,0
"1654",7,41,3,62.6,20.7,0,0,0,0,0,0,0,1,0,0,1,0,0,0,0
"1655",4,49,3,32,13.2,0,0,0,1,0,0,0,0,0,0,1,0,0,0,0
"1657",2,40,3,80.7,23.7,0,0,0,0,0,0,0,1,0,0,0,0,0,1,0
"1661",2,34,3,91.1,75.5,2,0,0,0,0,0,0,1,0,0,0,0,0,1,0
"1663",4,76,3,46,13.2,0,0,0,0,0,0,0,1,0,0,0,0,0,0,1
"1667",1,55,4,28.3,60.3,0,1,0,0,0,0,0,0,0,0,1,0,0,0,0
"1669",1,77,3,31.6,32.7,0,0,0,0,0,0,0,1,0,0,0,0,1,0,0
"1675",1,37,3,39.7,57.8,0,0,0,0,0,0,0,1,0,0,0,1,0,0,0
"1677",1,60,3,38.3,25,0,0,0,0,0,0,0,1,0,0,0,0,1,0,0
"1679",2,32,3,76.3,21.8,0,0,0,0,0,0,0,1,0,0,0,0,1,0,0
"1681",3,36,2,25.2,12.6,0,1,0,0,0,0,0,0,0,0,0,1,0,0,0
"1683",4,66,4,35.2,25,0,1,0,0,0,0,0,0,0,0,0,1,0,0,0
"1685",6,23,1,39.9,14,4,0,1,0,0,0,0,0,0,0,0,0,0,0,1
"1689",3,28,3,51.8,14.8,0,0,0,0,0,0,0,0,0,0,0,0,1,0,0
"1690",3,21,4,20.5,84.2,0,0,0,0,0,0,0,0,0,0,0,0,1,0,0
"1694",2,64,3,28.7,26.9,0,0,0,0,0,0,0,0,0,0,0,0,0,0,1
"1696",3,65,4,38.1,84.2,0,0,0,0,0,0,0,0,0,0,0,0,0,1,0
"1697",2,60,2,61.4,56.9,0,0,0,0,0,0,0,0,0,0,0,0,0,0,1
"1698",5,78,2,48.4,12.6,4,0,1,0,0,0,0,0,0,0,0,0,0,1,0
"1699",9,50,1,25.2,12.6,4,0,1,0,0,0,0,0,0,0,1,0,0,0,0
"1700",15,30,4,91.1,91.1,4,0,0,0,0,0,0,0,0,0,0,1,0,0,0
"1706",5,24,2,27,26.1,0,0,0,0,0,0,0,0,0,0,1,0,0,0,0
"1708",2,40,2,18.6,43,0,0,0,0,0,0,0,0,0,0,0,1,0,0,0
"1710",4,31,2,58.1,25.7,1,0,0,1,0,0,0,0,0,0,1,0,0,0,0
"1711",2,54,3,34.7,43,4,0,1,0,0,0,0,0,0,0,0,0,0,1,0
"1712",6,29,2,65.3,12.6,2,0,0,0,0,0,0,0,0,1,1,0,0,0,0
"1713",10,81,2,32,25.1,0,0,0,0,0,0,0,0,0,0,1,0,0,0,0
"1714",5,59,2,28.3,13.6,0,0,0,0,0,0,0,1,0,0,0,1,0,0,0
"1717",1,72,4,69.3,34.6,0,0,0,0,0,0,0,1,0,0,0,0,1,0,0
"1718",2,65,3,31.1,20.8,2,0,0,0,0,0,1,0,0,0,0,1,0,0,0
"1728",1,50,3,39.7,65.3,0,0,0,0,0,0,0,0,0,1,1,0,0,0,0
"1732",3,54,3,18.6,21.6,1,0,0,0,0,0,0,0,0,1,0,0,1,0,0
"1736",2,24,2,28.7,31.6,0,0,0,0,0,0,0,0,0,1,0,0,0,0,1
"1738",5,44,2,59.1,19.7,0,0,0,0,0,0,0,0,0,1,0,0,1,0,0
"1741",3,55,3,39.9,14,0,0,0,0,0,0,0,0,0,0,0,0,0,0,0
"1744",3,67,2,62.6,46.6,0,0,0,0,0,0,0,0,0,0,0,0,1,0,0
"1746",4,55,3,46.6,25,0,0,0,0,0,0,0,0,0,0,0,0,1,0,0
"1747",4,44,3,50.4,60.3,0,0,0,0,0,0,0,0,0,1,0,0,1,0,0
"1748",2,45,3,50.4,37.6,0,0,0,0,0,0,1,0,0,0,0,0,0,1,0
"1751",1,33,3,31.1,31.1,0,0,0,0,0,0,0,0,0,1,0,0,0,1,0
"1753",1,45,2,29.6,17.5,0,0,0,0,0,0,0,0,0,0,0,0,1,0,0
"1754",3,38,2,29.5,84.5,0,0,0,0,0,0,0,0,0,0,1,0,0,0,0
"1755",1,32,4,88,82.5,0,0,0,0,0,0,0,0,0,0,0,0,0,1,0
"1757",6,23,2,13.6,67.7,0,0,0,0,0,0,0,0,0,0,1,0,0,0,0
"1760",4,54,3,67.7,38.8,0,0,0,0,0,0,0,0,0,0,1,0,0,0,0
"1767",3,45,4,81.5,25,0,0,0,0,0,0,0,0,0,0,0,0,1,0,0
"1770",3,67,3,46,47.9,0,0,0,1,0,0,0,0,0,0,0,0,0,1,0
"1776",6,72,3,62,25,0,0,0,0,0,0,0,0,0,0,0,0,1,0,0
"1777",2,70,3,25,38.8,0,0,0,0,0,0,0,0,0,0,0,0,0,0,1
"1781",2,76,3,32,39.7,0,0,0,0,0,0,0,0,0,0,0,0,1,0,0
"1786",0,26,3,32,33.4,0,0,0,0,0,0,0,0,0,0,0,0,1,0,0
"1788",1,69,2,82.5,59.1,0,0,0,0,0,0,0,0,0,0,0,0,1,0,0
"1789",3,19,3,39.7,21.6,0,0,0,0,0,0,0,0,0,0,0,0,1,0,0
"1790",1,58,3,27.2,71.7,0,0,0,0,0,0,0,0,0,0,0,0,1,0,0
"1798",2,31,4,86.6,80.9,0,0,0,0,0,0,0,0,0,0,0,1,0,0,0
"1799",2,21,3,69.3,71,0,0,0,0,0,0,0,0,0,0,0,0,1,0,0
"1800",2,21,4,80.9,84.2,0,0,0,0,0,0,0,0,0,0,0,0,0,1,0
"1804",2,70,3,50.1,69.3,0,0,0,0,0,0,0,0,0,0,0,0,0,1,0
"1805",2,35,5,46,38.3,0,0,0,0,0,0,0,0,0,0,0,0,0,0,1
"1806",3,39,1,20.7,26.8,0,0,0,0,0,0,0,0,0,0,0,0,0,0,1
"1818",13,70,1,25.2,14,0,0,0,0,0,0,0,0,0,1,0,0,1,0,0
"1820",3,71,2,39.7,38.8,0,0,0,0,0,0,0,0,1,0,0,0,1,0,0
"1823",2,66,3,42.8,84.2,3,0,0,0,0,0,1,0,0,0,0,1,0,0,0
"1824",1,29,3,57.1,51.5,0,0,0,0,1,0,0,0,0,0,1,0,0,0,0
"1825",1,34,3,76.3,69.3,0,0,0,0,1,0,0,0,0,0,1,0,0,0,0
"1829",1,59,3,84.5,59.1,0,0,0,0,0,1,0,0,0,0,0,1,0,0,0
"1830",3,70,1,67.7,35.3,0,0,0,0,0,0,0,0,1,0,1,0,0,0,0
"1832",2,57,4,88.7,80.9,0,0,0,0,0,0,0,0,0,0,0,1,0,0,0
"1834",8,72,3,38.3,61.4,4,0,1,0,0,0,0,0,0,0,0,0,0,0,1
"1835",4,48,4,41,19.6,0,0,0,0,0,0,0,0,0,0,0,0,1,0,0
"1836",2,62,3,80.9,38.8,2,0,0,0,0,0,0,0,0,0,0,0,1,0,0
"1838",4,33,4,67.7,67.7,1,0,0,0,0,0,1,0,0,0,0,0,0,1,0
"1839",4,68,3,31.1,35.5,0,0,0,0,0,0,0,0,0,0,1,0,0,0,0
"1840",3,30,3,35.3,29.4,0,0,0,0,1,0,0,0,0,0,1,0,0,0,0
"1843",1,39,4,35.3,38.8,0,0,0,0,1,0,0,0,0,0,1,0,0,0,0
"1846",1,78,3,27.1,35.8,0,0,0,0,0,0,0,0,1,0,0,1,0,0,0
"1849",1,29,1,34.7,65.3,2,0,0,0,1,0,0,0,0,0,1,0,0,0,0
"1851",2,31,3,28.7,84.2,0,0,0,0,0,0,0,0,0,0,0,0,0,1,0
"1852",0,27,5,85.2,91.1,0,0,0,0,1,0,0,0,0,0,1,0,0,0,0
"1853",1,46,4,65.3,24.2,1,0,0,0,0,0,0,0,0,0,0,1,0,0,0
"1854",2,28,3,58.4,80.9,0,0,0,0,0,0,0,0,0,0,0,0,1,0,0
"1856",3,47,1,39.7,20.7,4,0,0,0,0,0,0,0,0,0,1,0,0,0,0
"1862",2,35,3,68,39.7,0,0,0,0,0,0,0,0,0,0,0,0,1,0,0
"1864",1,30,3,38.3,21.8,0,0,0,0,0,0,0,0,0,0,1,0,0,0,0
"1866",3,60,3,26.8,43.8,1,0,0,0,0,0,0,0,0,0,1,0,0,0,0
"1867",4,51,4,42.2,17.1,0,0,0,0,0,0,0,0,0,0,0,0,0,0,0
"1869",5,60,3,38.2,20.7,2,0,0,0,0,0,0,0,0,0,0,1,0,0,0
"1872",4,52,2,26.8,84.2,0,0,0,0,0,0,0,0,0,0,0,0,0,0,1
"1873",6,44,2,25,24.6,0,0,0,0,0,0,0,0,0,0,1,0,0,0,0
"1874",1,22,4,86.8,55.1,0,0,0,0,0,0,0,0,0,0,0,0,0,1,0
"1875",2,39,2,67.7,84.2,0,0,0,0,0,0,0,0,0,0,0,0,1,0,0
"1876",5,54,3,32,38.8,0,0,0,0,0,0,0,0,0,0,0,1,0,0,0
"1877",2,36,3,67.7,67.7,0,0,0,0,0,0,0,0,0,0,1,0,0,0,0
"1878",1,77,3,65.2,39.7,2,0,0,0,0,0,0,0,0,0,0,0,0,1,0
"1880",2,34,3,57.4,19.6,0,0,0,0,0,0,0,0,0,0,0,0,0,1,0
"1882",3,38,5,77.4,25.7,0,0,0,0,0,0,0,0,0,0,1,0,0,0,0
"1883",3,73,2,38.3,25,2,0,0,0,0,0,0,0,0,0,0,1,0,0,0
"1888",1,32,4,79.3,76.3,0,0,0,0,0,0,0,0,0,0,0,0,0,1,0
"1890",1,42,3,32,38.8,0,0,0,0,0,0,0,0,0,0,0,1,0,0,0
"1892",1,43,4,80.9,80.9,0,0,0,0,0,0,0,0,0,0,0,0,1,0,0
"1893",2,55,3,46.5,22.4,0,0,0,0,0,0,0,0,1,0,0,0,1,0,0
"1894",0,39,1,65.3,62.9,4,0,0,0,1,0,0,0,0,0,0,0,1,0,0
"1895",2,39,3,76.3,75.5,0,0,0,0,0,0,0,1,0,0,0,0,0,1,0
"1898",2,20,3,33.9,76.5,2,0,0,0,1,0,0,0,0,0,0,1,0,0,0
"1899",2,34,3,68.6,79.3,0,0,0,0,1,0,0,0,0,0,0,0,0,1,0
"1901",0,25,1,21.6,21.6,0,0,0,0,1,0,0,0,0,0,0,0,1,0,0
"1903",4,26,5,78.3,82.5,1,0,0,0,0,0,0,0,0,1,0,0,1,0,0
"1904",1,61,4,57.8,73.4,4,0,0,0,0,0,1,0,0,0,0,0,0,1,0
"1906",4,74,3,80.9,64.2,4,0,1,0,0,0,0,0,0,0,1,0,0,0,0
"1910",2,32,4,25.2,19.6,0,0,0,0,0,0,0,0,0,0,0,0,1,0,0
"1912",1,79,3,39.7,76.3,0,0,0,0,1,0,0,0,0,0,1,0,0,0,0
"1913",7,46,4,64.5,38.8,0,0,0,0,1,0,0,0,0,0,0,0,1,0,0
"1917",1,67,2,31,24.2,0,0,0,0,0,0,1,0,0,0,0,0,1,0,0
"1918",6,38,4,83.8,84.2,0,0,0,0,1,0,0,0,0,0,0,0,0,1,0
"1921",1,47,3,61.4,76.3,1,0,0,0,1,0,0,0,0,0,1,0,0,0,0
"1922",2,75,3,57.5,41.1,0,0,0,0,1,0,0,0,0,0,0,0,1,0,0
"1924",4,55,5,91.1,56.9,0,0,0,0,1,0,0,0,0,0,0,0,0,1,0
"1925",2,32,3,92.8,25.7,0,1,0,0,0,0,0,0,0,0,0,0,0,1,0
"1926",2,25,3,68.6,62.9,0,0,0,0,0,0,0,0,0,0,0,0,0,0,1
"1932",3,61,4,39.7,32.6,0,0,0,1,0,0,0,0,0,0,0,0,0,1,0
"1935",3,20,2,87.9,50,0,1,0,0,0,0,0,0,0,0,0,0,1,0,0
"1936",3,35,3,73.5,15.8,0,1,0,0,0,0,0,0,0,0,0,0,0,1,0
"1941",2,24,2,65.1,38.3,0,1,0,0,0,0,0,0,0,0,0,1,0,0,0
"1942",2,71,3,62,15.8,0,0,0,0,0,0,0,1,0,0,0,0,0,1,0
"1944",3,23,4,73,20.1,0,0,0,0,1,0,0,0,0,0,0,0,1,0,0
"1947",3,73,3,85.2,61.2,0,0,0,0,0,0,0,1,0,0,0,0,0,1,0
"1949",0,45,4,57.5,84.2,0,0,0,0,0,0,0,0,1,0,1,0,0,0,0
"1951",3,39,3,79.9,80.9,0,0,0,0,0,0,0,1,0,0,0,1,0,0,0
"1952",1,27,3,67.7,62.9,0,0,0,0,0,1,0,0,0,0,0,0,1,0,0
"1955",2,65,3,68.6,43,0,0,0,0,0,0,0,1,0,0,0,0,0,1,0
"1957",1,26,4,79.3,38.8,1,1,0,0,0,0,0,0,0,0,0,0,0,1,0
"1961",4,70,2,31.9,38.8,4,0,0,0,0,1,0,0,0,0,0,1,0,0,0
"1963",1,45,3,38.3,46.6,0,0,0,0,0,1,0,0,0,0,0,1,0,0,0
"1964",1,62,2,23.3,13.6,4,0,0,0,0,1,0,0,0,0,1,0,0,0,0
"1965",12,55,3,35.3,17.1,4,0,1,0,0,0,0,0,0,0,1,0,0,0,0
"1966",4,49,3,23.3,38.8,2,0,0,0,0,1,0,0,0,0,0,1,0,0,0
"1967",1,63,3,33.4,38.8,1,0,0,0,0,1,0,0,0,0,0,0,1,0,0
"1971",3,38,5,65.3,21.8,0,0,0,0,0,1,0,0,0,0,0,0,0,0,0
"1972",1,32,3,32,89.4,1,0,0,0,0,1,0,0,0,0,0,1,0,0,0
"1973",10,24,2,23.3,12.6,0,0,0,0,0,1,0,0,0,0,1,0,0,0,0
"1977",2,53,3,32,41.1,4,0,0,0,0,1,0,0,0,0,0,1,0,0,0
"1979",8,72,2,34.7,13.6,4,0,1,0,0,0,0,0,0,0,0,0,0,1,0
"1981",2,35,3,37.3,38.1,0,0,0,0,0,1,0,0,0,0,0,1,0,0,0
"1984",4,53,3,50,25.7,2,0,0,0,0,1,0,0,0,0,0,0,1,0,0
"1990",4,31,2,45.4,19.6,1,0,0,1,0,0,0,0,0,0,0,0,1,0,0
"1991",2,26,4,67.8,73.6,0,0,0,0,1,0,0,0,0,0,0,0,0,1,0
"1992",1,36,4,84.5,64.5,2,0,0,0,0,1,0,0,0,0,0,0,1,0,0
"1994",2,20,4,80.9,87.3,2,0,0,1,0,0,0,0,0,0,0,0,1,0,0
"1995",1,40,2,51.6,38.3,0,0,0,1,0,0,0,0,0,0,0,0,0,0,1
"1996",1,71,4,23.3,13.2,0,0,0,1,0,0,0,0,0,0,0,0,1,0,0
"1997",4,62,3,38.8,20.8,4,0,0,1,0,0,0,0,0,0,0,0,1,0,0
"1998",1,32,2,36.2,63.7,0,0,0,1,0,0,0,0,0,0,0,0,0,0,1
"2000",5,59,4,92.8,71.4,1,0,0,1,0,0,0,0,0,0,0,0,0,1,0
"2004",4,32,2,71.7,82.5,3,0,0,1,0,0,0,0,0,0,0,0,0,0,1
"2005",1,22,2,67.7,86.5,4,0,1,0,0,0,0,0,0,0,0,1,0,0,0
"2007",3,52,4,39.7,73,0,0,0,1,0,0,0,0,0,0,0,0,0,0,0
"2008",2,27,4,38.8,80.9,2,0,0,1,0,0,0,0,0,0,0,0,0,1,0
"2011",2,28,4,85,89.4,0,0,0,1,0,0,0,0,0,0,0,0,1,0,0
"2016",1,63,2,65.3,21.8,2,0,0,1,0,0,0,0,0,0,0,0,1,0,0
"2022",1,67,2,86.1,17.5,4,0,1,0,0,0,0,0,0,0,1,0,0,0,0
"2026",6,70,3,48.4,14.8,1,0,0,0,0,0,0,0,1,0,0,0,0,1,0
"2027",3,45,3,25.2,41.1,0,0,0,1,0,0,0,0,0,0,1,0,0,0,0
"2029",5,71,2,50.1,84.2,0,0,0,0,0,1,0,0,0,0,0,0,0,0,0
"2030",0,43,3,39.2,14,4,0,1,0,0,0,0,0,0,0,1,0,0,0,0
"2032",1,51,4,91.9,82.5,0,0,0,0,0,0,0,1,0,0,0,0,0,1,0
"2034",2,54,4,84,59.8,0,0,0,0,1,0,0,0,0,0,0,0,0,0,1
"2035",4,40,3,75.5,41.1,0,0,0,1,0,0,0,0,0,0,0,0,0,0,1
"2037",2,47,3,28.7,38.8,0,0,0,1,0,0,0,0,0,0,0,0,1,0,0
"2038",0,88,2,23.3,26.8,0,0,0,1,0,0,0,0,0,0,0,0,1,0,0
"2040",3,46,3,20.7,76.3,0,0,0,1,0,0,0,0,0,0,0,0,1,0,0
"2042",2,55,2,62.7,24.6,0,0,0,1,0,0,0,0,0,0,0,0,1,0,0
"2043",2,28,3,53.7,41,0,0,0,1,0,0,0,0,0,0,0,0,1,0,0
"2044",1,56,3,21.5,13.6,0,0,0,1,0,0,0,0,0,0,0,0,1,0,0
"2045",2,64,2,32,46.6,0,0,0,0,0,0,0,0,0,0,0,0,1,0,0
"2053",2,29,3,32.6,58.4,2,0,0,1,0,0,0,0,0,0,0,1,0,0,0
"2058",2,28,3,67.7,59.1,0,0,0,1,0,0,0,0,0,0,0,0,0,1,0
"2059",0,26,3,38.3,57.8,0,0,0,1,0,0,0,0,0,0,0,1,0,0,0
"2064",0,52,5,32,31.9,0,0,0,0,0,0,1,0,0,0,0,0,0,1,0
"2065",2,49,3,46.2,35.8,0,0,0,1,0,0,0,0,0,0,0,0,0,1,0
"2066",5,38,3,38.4,84.2,0,0,0,1,0,0,0,0,0,0,0,0,1,0,0
"2067",7,67,1,25.2,13.6,0,0,0,1,0,0,0,0,0,0,0,0,0,1,0
"2069",5,55,3,32,20.7,0,0,0,0,0,0,0,1,0,0,0,0,1,0,0
"2075",2,44,3,33.9,81,0,0,0,1,0,0,0,0,0,0,0,0,0,1,0
"2077",2,59,3,28.3,38.8,0,0,0,0,0,0,0,1,0,0,0,0,0,0,1
"2081",3,61,4,68.6,67.7,2,0,0,1,0,0,0,0,0,0,0,0,1,0,0
"2082",4,74,2,31.2,26.8,0,0,0,0,0,0,0,1,0,0,0,0,0,0,1
"2084",6,79,1,32,13.2,0,0,0,0,0,0,0,1,0,0,0,0,1,0,0
"2091",2,49,1,23.3,19.6,0,0,0,0,0,0,0,1,0,0,0,0,0,0,1
"2092",5,46,3,32,24.2,0,0,0,0,0,0,0,1,0,0,0,0,1,0,0
"2095",1,37,4,46,39.7,0,0,0,1,0,0,0,0,0,0,0,0,0,1,0
"2096",3,60,2,43,23.8,0,0,0,0,0,0,0,1,0,0,0,0,0,0,0
"2097",3,49,4,32,24.6,0,0,0,0,0,0,0,1,0,0,0,0,0,0,1
"2098",11,55,3,17.5,12.6,0,0,0,0,0,0,0,1,0,0,0,0,0,0,1
"2099",4,60,3,20.7,30.9,3,0,0,0,0,0,0,1,0,0,0,0,1,0,0
"2107",2,26,2,28.7,12.6,4,0,0,1,0,0,0,0,0,0,0,0,1,0,0
"2110",1,65,2,35.3,13.2,0,0,0,0,0,0,0,1,0,0,0,0,0,0,1
"2112",3,55,4,36.2,21.8,0,0,0,0,0,0,0,1,0,0,0,0,0,0,1
"2116",3,69,3,31.2,35.8,2,0,0,0,0,0,0,1,0,0,0,1,0,0,0
"2117",2,70,3,67.7,37.2,3,0,0,0,0,0,0,1,0,0,0,1,0,0,0
"2120",11,68,3,66.4,27,0,0,0,0,0,0,0,1,0,0,0,0,0,1,0
"2123",2,70,2,46.5,35.1,0,0,0,0,0,0,0,1,0,0,0,0,1,0,0
"2125",2,36,4,61.2,38.3,0,0,0,0,0,0,0,1,0,0,0,0,0,1,0
"2126",2,68,2,57.8,38.8,0,0,0,1,0,0,0,0,0,0,0,0,0,1,0
"2128",1,57,4,57.8,35.8,0,0,0,0,0,0,0,1,0,0,0,1,0,0,0
"2129",2,79,3,58.4,36.4,4,0,0,0,0,0,0,0,0,0,0,0,1,0,0
"2130",5,69,2,53.6,32.6,4,0,0,1,0,0,0,0,0,0,0,0,0,1,0
"2131",1,66,3,84.5,38.3,2,0,0,0,0,1,0,0,0,0,0,0,1,0,0
"2141",6,73,1,59,46.5,0,1,0,0,0,0,0,0,0,0,0,0,0,0,0
"2142",9,71,1,32,14,0,0,0,0,0,0,0,1,0,0,0,0,0,0,1
"2143",1,68,4,85.2,27,2,0,0,0,0,0,1,0,0,0,0,0,0,0,0
"2144",1,69,2,14,38.1,0,0,0,0,0,0,0,1,0,0,0,0,0,0,0
"2150",5,33,4,62,25.7,0,0,0,0,0,0,0,1,0,0,0,0,0,0,1
"2152",5,81,1,39.9,46.5,0,0,0,0,0,0,0,1,0,0,0,0,0,0,0
"2154",1,45,3,28.7,76.3,0,0,0,0,0,0,0,1,0,0,0,0,1,0,0
"2155",4,42,1,17.1,17.1,0,0,0,0,0,0,0,1,0,0,0,0,1,0,0
"2156",4,34,4,67.7,24.2,0,0,0,0,0,0,0,1,0,0,0,0,0,1,0
"2159",1,30,3,26.8,28.7,0,0,0,0,0,0,0,1,0,0,0,0,0,0,1
"2165",2,83,3,80.1,84.2,0,0,0,0,0,0,0,1,0,0,0,0,1,0,0
"2166",1,81,3,43,37.6,0,0,0,0,0,0,0,1,0,0,0,0,0,0,1
"2167",4,74,2,32,21.6,0,0,0,0,0,0,0,1,0,0,0,0,1,0,0
"2169",3,62,3,48.3,32,0,0,0,0,0,0,0,1,0,0,0,0,1,0,0
"2170",3,41,3,77.4,39.7,0,0,0,0,0,0,0,1,0,0,0,0,1,0,0
"2171",1,19,4,60.2,87.9,4,0,0,0,0,0,0,1,0,0,0,0,0,1,0
"2172",1,31,4,84.5,80.9,0,0,0,0,0,0,0,1,0,0,0,0,0,0,1
"2173",1,20,4,74.6,80.9,0,0,0,0,0,0,0,1,0,0,0,0,0,1,0
"2177",1,29,2,59.1,38.8,0,0,0,0,0,0,0,1,0,0,0,0,1,0,0
"2178",1,20,4,43,29.4,0,0,0,0,0,0,0,1,0,0,0,0,0,1,0
"2185",4,80,4,22.9,26.8,0,0,0,0,0,0,0,1,0,0,0,0,1,0,0
"2187",3,56,3,82.5,80.9,0,0,0,0,0,0,0,1,0,0,0,0,1,0,0
"2188",2,38,3,59.1,45.3,0,0,0,0,0,0,0,1,0,0,0,0,0,0,0
"2189",2,60,3,72.5,82.5,0,0,0,0,0,0,0,1,0,0,0,0,1,0,0
"2190",1,75,3,68,84.2,0,0,0,0,0,0,0,1,0,0,0,1,0,0,0
"2191",0,41,3,67.7,23.7,0,0,0,0,0,0,0,1,0,0,0,1,0,0,0
"2192",2,62,2,27.7,39.2,2,0,0,0,0,0,0,1,0,0,0,0,1,0,0
"2193",3,29,3,71.8,21.8,1,0,0,0,0,0,0,1,0,0,0,1,0,0,0
"2195",7,76,3,25,35.8,0,0,0,1,0,0,0,0,0,0,0,0,0,1,0
"2199",8,75,1,25.2,38.8,1,0,0,0,0,0,0,1,0,0,0,0,1,0,0
"2200",1,64,4,62,76.3,0,0,0,0,0,0,0,1,0,0,0,0,0,0,1
"2201",2,81,3,23.8,26.8,0,0,0,0,0,0,0,1,0,0,0,0,1,0,0
"2202",2,63,3,35.8,39.7,0,0,0,0,0,0,0,1,0,0,0,1,0,0,0
"2206",1,19,3,39.9,84.2,0,0,0,0,0,0,0,1,0,0,0,0,0,0,0
"2208",3,73,2,14,26.8,0,0,0,0,0,0,0,1,0,0,0,0,0,0,0
"2210",1,45,3,20.5,20.1,0,0,0,0,0,0,0,1,0,0,0,0,0,1,0
"2215",1,62,3,65.3,13.2,0,0,0,0,0,0,0,1,0,0,0,0,1,0,0
"2216",1,44,3,46.6,62.9,0,0,0,0,0,0,0,1,0,0,0,0,0,0,0
"2221",5,61,3,32,80.9,4,0,1,0,0,0,0,0,0,0,0,0,1,0,0
"2222",1,40,3,65.3,38.8,0,0,0,0,0,0,0,1,0,0,0,0,1,0,0
"2223",1,19,3,75.2,54.3,0,0,0,0,0,0,0,1,0,0,0,0,0,0,1
"2225",4,71,3,46,26.8,3,0,0,0,0,1,0,0,0,0,0,0,0,1,0
"2228",2,44,2,39.9,24.2,0,0,0,0,0,0,0,1,0,0,0,0,0,0,0
"2232",2,47,3,20.9,13.2,0,0,0,0,0,0,0,1,0,0,0,0,1,0,0
"2234",1,44,2,41,21.6,0,0,0,0,0,0,0,1,0,0,0,1,0,0,0
"2242",6,72,3,53.6,26.8,0,0,0,0,0,0,0,1,0,0,0,1,0,0,0
"2243",1,48,4,65.3,37.2,0,0,0,0,0,0,0,1,0,0,0,0,0,1,0
"2246",9,68,2,24.1,26.8,0,0,0,0,0,0,0,1,0,0,0,0,1,0,0
"2247",4,64,2,36.4,13.3,0,0,0,0,0,0,0,1,0,0,0,0,1,0,0
"2248",2,21,2,25.2,26.8,4,0,0,0,0,0,0,1,0,0,1,0,0,0,0
"2251",1,30,3,38.4,46.6,0,0,0,0,0,0,0,1,0,0,0,0,0,0,1
"2254",9,61,1,39.9,13.6,0,0,0,0,0,0,0,1,0,0,0,0,1,0,0
"2255",4,35,5,36.2,12.6,0,0,0,0,0,0,0,1,0,0,1,0,0,0,0
"2259",14,61,1,39.9,14,0,0,0,0,0,0,0,1,0,0,0,0,1,0,0
"2261",1,67,3,33.9,12.6,0,0,0,1,0,0,0,0,0,0,0,1,0,0,0
"2263",1,65,3,31.6,21.6,0,0,0,0,0,1,0,0,0,0,0,0,1,0,0
"2264",4,65,3,18.6,35.8,0,0,0,1,0,0,0,0,0,0,0,0,1,0,0
"2270",5,63,3,39.8,13.6,0,0,0,0,0,0,0,1,0,0,0,1,0,0,0
"2278",3,68,3,39.7,38.8,0,0,0,1,0,0,0,0,0,0,0,0,1,0,0
"2283",1,34,3,38.8,21.8,0,1,0,0,0,0,0,0,0,0,0,0,0,0,1
"2291",2,70,3,43,39.7,4,0,0,0,0,0,0,1,0,0,0,0,0,1,0
"2294",4,35,3,32,46.6,0,0,0,0,0,0,0,1,0,0,0,0,1,0,0
"2304",3,70,2,41,35.8,0,0,0,0,0,0,0,1,0,0,0,1,0,0,0
"2308",5,44,4,26.8,46.6,0,0,0,0,0,0,0,1,0,0,0,0,0,1,0
"2314",0,32,2,29.6,62,0,0,0,0,0,0,0,0,0,0,0,1,0,0,0
"2315",0,63,4,46,61.4,4,0,0,0,0,1,0,0,0,0,0,0,0,1,0
"2316",13,33,2,83.8,81,0,0,0,0,0,0,0,1,0,0,0,0,0,0,1
"2317",1,68,2,65.3,13.6,0,0,0,0,0,0,0,1,0,0,0,0,1,0,0
"2321",2,25,3,79.3,38.8,0,0,0,0,0,0,0,0,0,1,0,1,0,0,0
"2322",2,26,3,31.1,24.6,0,0,0,0,0,0,0,1,0,0,0,1,0,0,0
"2331",10,55,3,14,12.6,0,0,0,0,0,0,0,1,0,0,0,0,0,0,0
"2335",2,65,3,59.8,38.3,0,0,0,0,0,0,0,1,0,0,0,0,1,0,0
"2336",3,27,4,92.8,92.8,4,0,0,1,0,0,0,0,0,0,0,0,1,0,0
"2337",1,43,3,35.3,80.9,0,0,0,0,0,0,0,1,0,0,0,1,0,0,0
"2340",2,71,3,31.6,46.5,0,0,0,1,0,0,0,0,0,0,0,1,0,0,0
"2341",2,68,4,32,24.2,0,0,0,0,0,0,0,1,0,0,0,0,1,0,0
"2343",1,31,3,36.4,84.2,0,0,0,0,0,0,0,1,0,0,0,0,1,0,0
"2346",1,38,3,82.5,38.3,0,0,0,1,0,0,0,0,0,0,0,0,1,0,0
"2348",4,27,2,87.9,36.9,0,0,0,0,0,0,0,1,0,0,0,0,1,0,0
"2349",2,48,3,36.4,24.6,0,0,0,0,0,0,0,0,1,0,0,0,0,0,1
"2353",2,82,2,27,13.6,0,0,0,0,0,0,0,1,0,0,0,0,1,0,0
"2354",2,82,3,53.6,35.1,0,0,0,0,0,0,0,1,0,0,1,0,0,0,0
"2356",3,65,3,53.6,62.9,0,0,0,0,0,0,0,1,0,0,0,1,0,0,0
"2357",1,39,3,82.5,80.9,0,0,0,0,0,0,0,1,0,0,1,0,0,0,0
"2364",2,53,3,62.6,33.4,0,0,0,0,0,0,0,1,0,0,1,0,0,0,0
"2367",1,47,3,32,39.7,0,0,0,0,0,0,0,1,0,0,1,0,0,0,0
"2368",1,50,3,38.3,38.8,3,0,0,0,0,0,0,1,0,0,1,0,0,0,0
"2372",3,66,3,39.7,15.8,0,0,0,0,0,0,0,1,0,0,1,0,0,0,0
"2376",1,63,3,39.7,39.7,2,0,0,0,0,0,0,0,0,0,0,0,1,0,0
"2381",5,58,3,52.3,43,4,0,1,0,0,0,0,0,0,0,0,0,0,0,1
"2382",2,19,4,77.4,61.4,4,0,1,0,0,0,0,0,0,0,0,0,0,0,1
"2383",2,69,2,67.7,77.4,0,0,0,0,0,0,0,0,1,0,0,0,0,1,0
"2384",2,43,3,83.8,84.2,0,0,0,0,0,0,0,1,0,0,0,0,0,1,0
"2386",2,52,3,46.5,57.5,4,0,0,0,0,0,0,1,0,0,0,1,0,0,0
"2387",2,49,3,70.3,87.3,1,0,0,0,0,1,0,0,0,0,0,0,1,0,0
"2388",5,65,2,67.8,59.1,0,0,0,0,0,0,1,0,0,0,0,0,0,1,0
"2391",1,56,2,81.6,39.7,0,0,0,1,0,0,0,0,0,0,0,0,0,1,0
"2392",0,71,5,52.5,62.7,2,0,0,0,0,1,0,0,0,0,0,0,1,0,0
"2393",3,47,5,30.8,34.6,0,0,0,0,0,0,0,1,0,0,0,1,0,0,0
"2394",2,41,4,71.8,38.8,0,0,0,0,0,0,0,0,0,1,0,0,0,1,0
"2396",2,59,5,76.3,84.2,0,0,0,1,0,0,0,0,0,0,0,0,0,1,0
"2401",4,71,1,38.2,13.6,0,0,0,0,0,0,0,1,0,0,0,0,1,0,0
"2402",2,71,1,84,38.8,0,0,0,1,0,0,0,0,0,0,0,0,0,1,0
"2403",2,64,4,81,38.3,4,0,0,1,0,0,0,0,0,0,0,0,0,1,0
"2405",1,59,4,83.8,38.3,0,0,0,0,0,0,0,1,0,0,0,0,0,1,0
"2410",4,76,2,39.9,28.6,0,0,0,0,0,0,0,1,0,0,0,1,0,0,0
"2414",5,70,3,26.9,84.2,4,0,1,0,0,0,0,0,0,0,0,0,0,0,1
"2421",1,44,3,20.7,27,0,0,0,0,0,0,0,1,0,0,0,0,1,0,0
"2422",11,70,3,62,19.6,2,0,0,0,0,0,0,1,0,0,0,0,0,1,0
"2425",1,35,3,18.6,23.3,4,0,0,0,0,0,0,1,0,0,1,0,0,0,0
"2428",1,23,3,82.5,39.7,2,0,0,0,0,0,0,1,0,0,0,1,0,0,0
"2430",1,37,2,73.4,88,4,0,0,1,0,0,0,0,0,0,1,0,0,0,0
"2450",4,66,3,83.8,84.2,0,1,0,0,0,0,0,0,0,0,0,0,0,1,0
"2451",8,69,2,26.1,18.8,0,1,0,0,0,0,0,0,0,0,0,0,0,0,1
"2455",10,59,2,12.6,15.8,0,1,0,0,0,0,0,0,0,0,0,1,0,0,0
"2458",4,30,2,34.7,32.6,4,0,1,0,0,0,0,0,0,0,0,1,0,0,0
"2459",6,59,3,32,38.8,0,0,0,0,0,0,0,0,1,0,0,0,0,1,0
"2462",1,31,2,32,12.6,0,1,0,0,0,0,0,0,0,0,0,0,1,0,0
"2463",4,69,3,53.6,59.8,0,1,0,0,0,0,0,0,0,0,0,0,0,0,0
"2470",2,33,3,65.3,60.3,0,1,0,0,0,0,0,0,0,0,0,1,0,0,0
"2471",2,79,2,82.7,39.7,0,0,0,0,0,0,0,1,0,0,0,0,0,1,0
"2473",2,81,2,50.4,35.8,1,0,0,0,0,0,0,0,0,1,0,0,0,0,1
"2475",2,73,2,14,20.7,0,1,0,0,0,0,0,0,0,0,0,0,0,0,1
"2476",2,30,3,32.7,23.8,0,1,0,0,0,0,0,0,0,0,0,0,1,0,0
"2480",6,70,3,39.9,13.2,0,1,0,0,0,0,0,0,0,0,0,0,0,0,0
"2486",4,69,3,59.1,80.9,0,1,0,0,0,0,0,0,0,0,0,1,0,0,0
"2489",2,69,3,26.8,26.8,0,1,0,0,0,0,0,0,0,0,0,0,0,0,1
"2490",11,32,3,82.5,84.2,0,1,0,0,0,0,0,0,0,0,0,0,0,1,0
"2491",2,77,3,43,61.4,0,0,0,0,0,0,0,0,0,0,0,1,0,0,0
"2494",4,68,1,20.7,12.6,0,1,0,0,0,0,0,0,0,0,0,1,0,0,0
"2497",5,84,3,39.9,14,4,0,1,0,0,0,0,0,0,0,0,0,1,0,0
"2501",8,46,3,77.4,19.6,2,1,0,0,0,0,0,0,0,0,1,0,0,0,0
"2506",0,28,4,58.4,67.7,0,1,0,0,0,0,0,0,0,0,1,0,0,0,0
"2510",2,79,2,41.1,39.7,0,1,0,0,0,0,0,0,0,0,0,0,1,0,0
"2511",0,65,2,32,13.2,0,0,0,1,0,0,0,0,0,0,0,0,1,0,0
"2512",4,64,2,39.9,38.8,2,0,0,0,0,0,0,0,0,0,0,0,0,0,0
"2520",1,31,3,50.4,50.4,0,0,0,1,0,0,0,0,0,0,1,0,0,0,0
"2523",7,18,3,62.9,20.7,0,1,0,0,0,0,0,0,0,0,0,0,1,0,0
"2524",3,20,3,50.4,50.4,0,1,0,0,0,0,0,0,0,0,0,0,1,0,0
"2526",5,21,3,50.4,20.8,0,1,0,0,0,0,0,0,0,0,0,0,1,0,0
"2527",1,36,3,82.5,80.9,0,0,0,0,0,0,0,0,0,1,0,0,1,0,0
"2530",1,42,4,31.2,50,0,0,0,0,0,0,0,1,0,0,0,1,0,0,0
"2531",4,22,2,23.3,20.7,4,1,0,0,0,0,0,0,0,0,0,0,0,1,0
"2533",1,24,1,32,25.7,4,0,1,0,0,0,0,0,0,0,0,1,0,0,0
"2535",2,78,3,34.1,31.9,0,1,0,0,0,0,0,0,0,0,0,1,0,0,0
"2537",2,70,3,33.7,81,0,1,0,0,0,0,0,0,0,0,0,1,0,0,0
"2544",1,27,2,61.2,65.3,0,1,0,0,0,0,0,0,0,0,0,0,0,1,0
"2549",2,34,4,92.8,56.9,0,1,0,0,0,0,0,0,0,0,0,0,0,1,0
"2553",1,63,3,43,21.6,2,1,0,0,0,0,0,0,0,0,1,0,0,0,0
"2555",3,79,3,92.8,38.8,1,0,0,0,0,0,0,0,0,0,0,1,0,0,0
"2561",1,40,1,28.7,33.4,2,0,0,0,0,0,0,0,0,0,0,0,0,0,1
"2562",2,52,3,32,39.7,0,0,0,0,0,0,0,0,0,0,0,0,1,0,0
"2564",2,38,3,61.2,80.9,0,0,0,0,0,0,0,0,0,0,0,0,1,0,0
"2567",1,39,4,53.8,38.3,0,0,0,0,0,0,0,1,0,0,0,0,1,0,0
"2568",5,67,3,32,39.7,0,0,0,0,0,0,0,1,0,0,0,0,0,0,0
"2569",4,48,1,14,39.9,4,0,1,0,0,0,0,0,0,0,0,0,1,0,0
"2570",0,60,3,80.9,38.8,0,0,0,0,0,0,0,1,0,0,0,0,1,0,0
"2575",3,72,3,43,24.6,0,0,0,0,0,0,0,1,0,0,0,1,0,0,0
"2581",4,39,1,25.2,31.6,0,0,0,0,0,0,0,0,0,0,0,1,0,0,0
"2583",1,54,3,31.4,52,1,0,0,0,0,0,0,1,0,0,0,0,0,1,0
"2585",2,55,3,38.8,46.6,0,0,0,0,0,0,0,1,0,0,0,0,0,0,1
"2587",1,21,3,65.3,26.1,0,0,0,0,0,0,0,1,0,0,0,0,1,0,0
"2588",3,75,2,52.5,39.7,0,0,0,0,0,0,0,1,0,0,0,0,1,0,0
"2590",3,75,3,35.8,39.7,0,0,0,0,0,0,0,1,0,0,0,0,1,0,0
"2593",5,72,3,59.1,13.6,0,0,0,0,0,0,0,1,0,0,0,0,0,0,0
"2595",1,47,2,59.1,52,0,0,0,0,0,0,0,1,0,0,0,1,0,0,0
"2597",1,52,3,32,38.3,0,0,0,0,0,0,0,1,0,0,0,0,0,1,0
"2598",3,65,2,46.5,18.8,0,0,0,0,0,0,0,1,0,0,0,0,0,0,0
"2601",2,25,3,26.8,38.8,0,0,0,0,0,0,0,1,0,0,0,0,1,0,0
"2602",2,73,3,46,26.8,0,0,0,0,0,0,0,1,0,0,0,0,0,0,1
"2603",1,56,4,39.7,35.8,0,0,0,0,0,0,0,1,0,0,0,1,0,0,0
"2604",3,43,2,34.1,24.2,0,0,0,0,0,0,0,0,0,0,0,0,0,0,1
"2606",4,67,3,32,20.7,1,0,0,1,0,0,0,0,0,0,0,0,1,0,0
"2607",2,40,2,32,25.7,0,0,0,1,0,0,0,0,0,0,0,0,1,0,0
"2608",3,64,3,46.6,84.2,0,0,0,1,0,0,0,0,0,0,0,0,1,0,0
"2609",1,59,3,41.8,38.3,0,0,0,1,0,0,0,0,0,0,0,0,1,0,0
"2612",6,83,3,28.7,46.6,2,0,0,1,0,0,0,0,0,0,0,0,1,0,0
"2614",5,80,2,33.9,39.7,2,0,0,0,0,0,0,0,0,0,1,0,0,0,0
"2615",4,72,2,31.2,39.7,4,0,0,0,0,0,0,0,0,0,0,0,1,0,0
"2617",5,68,2,24.6,19.6,0,0,0,0,0,0,0,0,0,0,0,0,1,0,0
"2619",4,26,4,76.3,21.6,0,0,0,0,0,0,0,0,0,0,0,1,0,0,0
"2621",3,52,2,65.1,67.7,1,0,0,0,0,0,0,0,0,0,0,0,0,0,0
"2623",4,23,2,19.2,39.7,0,0,0,0,0,0,0,0,0,0,0,0,1,0,0
"2624",3,31,3,41,59.1,0,0,0,0,0,0,0,0,0,0,0,0,0,1,0
"2625",11,72,3,25.4,13.6,0,0,0,0,0,0,0,0,0,0,0,0,0,0,1
"2627",2,31,3,71.8,25.7,1,0,0,0,0,0,0,0,0,0,0,0,1,0,0
"2628",2,40,4,65.3,87.9,4,0,1,0,0,0,0,0,0,0,0,0,0,1,0
"2640",2,42,3,45.4,38.8,0,0,0,0,0,0,0,0,0,0,0,0,0,1,0
"2642",1,43,2,85.2,57.5,0,0,0,0,0,0,0,0,0,0,0,0,1,0,0
"2647",9,66,1,14,39.9,4,0,1,0,0,0,0,0,0,0,0,0,0,0,1
"2649",1,47,2,20.7,21.6,4,0,0,0,0,0,0,0,0,0,0,0,1,0,0
"2651",2,52,2,26.8,32,0,0,0,0,0,0,0,0,0,0,0,0,1,0,0
"2653",2,42,3,82.5,80.9,0,0,0,0,0,0,0,0,0,0,0,1,0,0,0
"2654",2,35,2,50.4,38.8,2,0,0,1,0,0,0,0,0,0,0,0,1,0,0
"2658",8,48,2,25,24.2,0,0,0,0,0,0,0,0,0,0,0,0,0,0,0
"2661",2,48,4,91.1,80.9,0,0,0,0,0,0,0,0,0,0,0,0,1,0,0
"2662",2,28,4,67.7,62.1,0,0,0,0,0,0,0,0,0,0,0,0,0,1,0
"2663",4,26,5,86.5,86.6,4,0,0,0,0,0,0,0,0,0,0,0,0,1,0
"2664",1,61,5,65.3,67.7,3,0,0,0,0,0,0,0,0,0,0,0,0,1,0
"2669",1,20,4,56.9,38.8,4,0,0,0,0,0,0,0,0,0,0,0,1,0,0
"2670",1,77,5,87.6,59.1,4,0,0,1,0,0,0,0,0,0,1,0,0,0,0
"2671",3,54,3,27.2,26.8,4,0,0,0,0,0,0,0,0,0,0,0,0,0,0
"2672",2,36,4,73.6,84.2,2,0,0,0,0,0,0,0,0,0,0,0,1,0,0
"2673",5,68,3,23.3,23.3,0,0,0,0,0,0,0,0,0,0,0,0,1,0,0
"2675",0,70,2,62,39.7,0,0,0,0,0,0,0,0,0,0,0,0,1,0,0
"2676",2,42,4,32,19.6,0,0,0,0,0,0,0,0,0,0,0,1,0,0,0
"2678",0,43,3,52.5,84.5,2,0,0,0,0,0,0,0,0,0,0,0,1,0,0
"2679",4,27,3,43,18.8,0,0,0,0,0,0,0,0,0,0,0,0,1,0,0
"2685",1,33,3,14,12.6,0,0,0,0,0,0,0,0,0,0,0,0,1,0,0
"2686",2,45,3,52.5,14,0,0,0,0,0,0,0,0,0,0,0,0,0,0,1
"2688",1,36,4,68.6,84,0,0,0,0,0,0,0,0,0,0,0,0,1,0,0
"2689",1,55,4,26.8,26.8,0,0,0,0,0,0,0,0,0,0,0,0,1,0,0
"2693",1,69,3,27.1,14,0,0,0,0,0,0,0,0,0,0,0,0,1,0,0
"2698",3,68,3,67.7,21.6,0,0,0,0,0,0,0,0,0,0,0,0,1,0,0
"2702",2,87,5,26.8,39.7,0,1,0,0,0,0,0,0,0,0,0,0,1,0,0
"2703",1,68,3,58.4,38.8,0,0,0,0,0,1,0,0,0,0,0,0,1,0,0
"2707",1,42,2,27.4,46.5,0,0,0,0,0,0,0,0,0,0,0,0,1,0,0
"2709",2,61,3,25.1,12.6,0,0,0,0,0,0,0,0,0,0,0,1,0,0,0
"2710",5,73,2,28.7,13.2,0,0,0,0,0,0,0,0,0,0,0,0,1,0,0
"2712",2,51,3,26.8,21.6,0,0,0,0,0,0,0,0,0,0,0,0,1,0,0
"2713",1,61,3,75.5,38.3,0,0,0,0,0,0,0,0,1,0,0,1,0,0,0
"2714",4,75,3,28.1,38.1,2,0,0,0,0,0,0,0,0,0,0,1,0,0,0
"2715",1,75,2,39.9,13.6,0,0,0,0,0,0,0,0,0,0,0,0,0,0,1
"2716",6,66,2,25,39.7,0,0,0,0,0,0,0,0,0,0,0,0,0,0,1
"2723",2,79,3,23.3,26.8,0,0,0,0,0,0,0,0,0,0,0,0,0,0,1
"2728",2,60,3,26.8,15.8,0,0,0,0,0,0,0,0,0,0,0,0,1,0,0
"2731",1,84,3,37.6,38.8,2,0,0,0,0,0,0,0,0,0,0,0,0,0,1
"2732",3,64,3,27.6,71.7,0,0,0,0,0,0,0,0,0,0,0,0,0,0,0
"2733",1,48,2,26.8,38.8,0,0,0,0,0,0,0,0,0,0,0,0,0,0,1
"2736",3,67,3,52.4,58.2,0,0,0,0,0,0,0,0,0,0,0,0,1,0,0
"2737",2,53,3,32,25.7,0,0,0,0,0,0,0,0,0,0,0,0,1,0,0
"2740",1,59,3,52.3,26.5,4,0,1,0,0,0,0,0,0,0,1,0,0,0,0
"2745",1,61,2,60.1,80.9,3,0,0,0,0,0,0,0,0,0,0,0,0,1,0
"2748",4,71,2,46.6,13.6,1,0,0,0,0,0,0,0,0,0,0,0,1,0,0
"2750",2,42,3,67.7,35.8,4,0,0,0,0,0,0,0,0,0,0,1,0,0,0
"2753",5,66,3,45.4,13.2,2,0,0,0,0,0,0,0,0,0,0,0,1,0,0
"2754",4,59,3,28.1,39.7,0,0,0,0,0,0,0,0,0,0,0,0,1,0,0
"2755",5,20,3,24.2,24.2,0,1,0,0,0,0,0,0,0,0,0,1,0,0,0
"2757",2,58,3,46.5,39.7,0,0,0,0,0,0,0,0,0,0,0,0,1,0,0
"2758",5,60,1,58.1,26.9,4,0,1,0,0,0,0,0,0,0,0,0,1,0,0
"2760",3,27,4,73,80.9,0,0,0,0,0,0,0,0,0,0,0,1,0,0,0
"2761",1,23,3,43,69.3,4,0,0,0,0,0,0,0,0,0,0,0,1,0,0
"2762",1,45,3,32,38.8,0,0,0,0,0,0,0,0,0,0,0,0,1,0,0
"2763",4,59,3,46,24.2,4,0,0,0,0,0,0,0,0,0,0,0,1,0,0
"2765",2,83,2,35.3,19.6,0,0,0,0,0,0,0,0,1,0,0,0,0,0,1
"2767",1,42,2,39.9,24.6,0,0,0,0,0,0,0,0,1,0,0,0,0,0,0
"2769",0,31,2,25.2,76.3,0,0,0,0,0,0,0,0,1,0,0,0,1,0,0
"2771",3,50,3,56.9,38.8,0,0,0,0,0,0,0,0,0,0,0,0,1,0,0
"2772",2,41,3,55.3,28.6,0,0,0,0,0,0,0,0,1,0,0,0,1,0,0
"2773",2,60,3,50.4,25.2,0,0,0,0,0,0,0,0,1,0,0,0,1,0,0
"2777",2,67,2,39.9,38.8,0,0,0,0,0,0,0,0,1,0,0,0,0,0,0
"2778",3,29,3,87.6,25.7,0,0,0,0,0,0,0,0,1,0,0,0,1,0,0
"2780",2,42,3,43,46.5,0,0,0,0,0,0,0,0,1,0,0,0,1,0,0
"2781",2,42,3,43,24.2,0,0,0,0,0,0,0,0,1,0,0,0,0,0,1
"2782",1,45,3,21.5,92.8,0,0,0,0,0,0,0,0,1,0,0,0,1,0,0
"2783",3,49,2,39.9,60.5,0,0,0,0,0,0,0,0,1,0,0,0,0,0,0
"2784",1,52,3,18.8,69.3,0,0,0,0,0,0,0,0,1,0,0,1,0,0,0
"2787",1,48,4,23.3,44.6,0,0,0,0,0,0,0,0,1,0,0,0,1,0,0
"2788",5,45,3,26.8,26.1,2,0,0,0,0,0,1,0,0,0,0,0,0,1,0
"2789",1,32,3,20.7,38.8,0,0,0,0,0,0,0,0,1,0,0,0,1,0,0
"2793",1,34,2,39.9,37.6,0,0,0,0,0,0,0,0,1,0,0,1,0,0,0
"2794",3,31,5,92.8,26.8,0,0,0,0,0,0,0,0,1,0,0,0,0,0,1
"2796",4,39,2,62.6,80.9,2,0,1,0,0,0,0,0,0,0,0,0,1,0,0
"2800",2,59,3,75.5,38.8,0,0,0,0,0,0,0,0,1,0,0,0,1,0,0
"2802",2,44,2,86.1,26.9,0,0,0,0,0,0,0,0,1,0,0,1,0,0,0
"2803",1,28,2,25.2,80.9,0,0,0,0,0,0,0,0,1,0,0,0,1,0,0
"2806",3,69,2,39.9,26.8,4,0,0,0,0,0,0,0,0,0,0,0,0,0,0
"2808",2,68,4,92,39.7,0,0,0,0,0,0,0,0,1,0,0,0,1,0,0
"2811",2,40,3,20.7,73.9,0,0,0,0,0,0,0,0,1,0,0,0,1,0,0
"2813",5,81,4,91.1,80.9,0,0,0,0,0,0,0,0,1,0,0,1,0,0,0
"2821",5,55,2,65.1,21.8,0,0,0,0,0,0,0,0,1,0,0,1,0,0,0
"2824",2,38,4,28.6,37.6,0,0,0,0,0,0,0,0,1,0,0,1,0,0,0
"2827",3,36,4,69.3,39.7,0,0,0,0,0,0,0,0,1,0,0,1,0,0,0
"2828",2,65,3,65.1,38.8,0,0,0,0,0,0,0,0,1,0,0,0,0,0,1
"2830",1,34,4,75.5,71.8,0,0,0,0,0,0,0,0,1,0,0,0,0,1,0
"2834",0,21,3,83.8,39.7,4,0,0,0,0,0,0,0,1,0,0,0,0,1,0
"2836",12,65,2,25.2,13.6,0,0,0,0,0,0,0,0,1,0,1,0,0,0,0
"2839",9,67,3,20.8,39.7,0,0,1,0,0,0,0,0,0,0,0,0,0,0,1
"2843",5,77,3,50,38.8,2,0,0,0,0,0,0,0,1,0,0,1,0,0,0
"2845",2,55,4,65.3,74.8,0,0,0,0,0,0,0,0,1,0,0,0,1,0,0
"2846",1,72,4,38.1,24.2,0,0,0,0,0,0,0,0,1,0,0,1,0,0,0
"2848",1,32,3,64.5,41.8,0,0,0,0,0,0,0,0,1,0,0,0,0,1,0
"2850",2,58,3,39.2,36.9,0,0,0,0,0,0,0,0,1,0,0,0,1,0,0
"2851",5,60,1,85.2,21.6,0,0,0,0,0,0,0,0,1,0,0,0,1,0,0
"2853",2,61,3,35.8,38.8,0,0,0,0,0,0,0,0,1,0,0,0,0,0,0
"2854",2,61,3,62.6,38.3,0,0,0,0,0,0,0,0,1,0,0,0,1,0,0
"2855",3,30,3,38.1,13.6,0,0,0,0,0,0,0,0,0,1,0,1,0,0,0
"2859",4,21,5,18.8,12.6,0,0,0,0,0,0,0,0,0,1,0,0,1,0,0
"2862",2,36,3,39.2,24.2,0,0,0,0,0,0,0,0,0,1,0,1,0,0,0
"2863",16,61,3,14,14,1,0,0,0,0,0,0,0,0,1,0,0,1,0,0
"2864",3,50,3,50.4,69.3,0,0,0,0,0,0,0,1,0,0,0,0,0,1,0
"2865",8,41,2,21.4,33.3,0,0,0,0,0,0,0,0,0,1,0,1,0,0,0
"2866",2,49,2,59.1,38.2,0,0,0,0,0,0,0,0,0,1,0,0,0,1,0
"2868",7,47,2,39.9,17.1,4,0,0,0,0,0,1,0,0,0,0,0,0,0,0
"2877",5,32,2,20.5,24.2,0,0,0,0,0,0,0,0,0,1,0,0,1,0,0
"2882",3,30,1,28.7,26.5,3,0,0,0,0,0,0,0,0,1,1,0,0,0,0
"2883",4,41,4,32,20.1,4,0,1,0,0,0,0,0,0,0,0,0,1,0,0
"2885",5,54,4,39.9,26.5,4,0,0,0,0,0,0,0,0,1,0,0,1,0,0
"2886",4,25,2,36.2,15.8,4,0,0,0,0,0,0,0,0,1,0,1,0,0,0
"2887",11,54,1,33.4,39.7,0,0,0,0,0,0,0,0,0,1,0,0,0,1,0
"2888",3,58,3,28.4,13.6,0,0,0,0,0,0,0,0,0,1,0,1,0,0,0
"2889",3,19,4,32,38.3,1,0,0,0,0,0,0,0,0,1,0,1,0,0,0
"2891",1,22,2,31.4,32,4,0,0,0,0,0,0,0,0,1,0,0,1,0,0
"2893",6,64,2,25.2,12.6,2,0,0,0,0,0,0,0,0,1,0,0,1,0,0
"2898",1,39,2,46.2,35.8,0,0,0,0,0,0,0,0,0,1,0,1,0,0,0
"2903",4,26,3,52.4,76.3,3,0,0,0,0,0,0,0,0,1,0,0,1,0,0
"2909",6,40,3,24,12.6,4,0,0,0,0,0,0,0,0,1,0,0,0,0,1
"2911",5,23,3,65.1,84.2,0,0,0,0,0,0,0,0,0,1,0,0,1,0,0
"2916",3,43,3,50.3,59.1,0,0,0,0,0,0,0,0,0,1,0,0,1,0,0
"2918",2,64,2,36.7,31.9,0,0,0,0,0,0,0,0,0,1,0,1,0,0,0
"2919",4,18,2,32,20.1,0,0,0,0,0,0,0,0,0,1,0,1,0,0,0
"2920",1,88,3,91.1,71.8,0,0,0,0,0,0,0,0,0,1,0,0,1,0,0
"2921",1,70,2,43,38.3,0,0,0,0,0,0,0,0,0,1,0,0,1,0,0
"2922",1,46,3,71,80.9,0,0,0,0,0,0,0,0,0,1,0,0,1,0,0
"2924",1,80,2,50.4,39.7,2,0,0,0,0,0,0,0,0,1,0,0,0,0,0
"2928",4,54,4,62.6,82.5,0,0,0,0,0,1,0,0,0,0,0,0,0,0,1
"2930",1,58,3,85.8,39.7,4,0,0,0,1,0,0,0,0,0,0,1,0,0,0
"2932",0,26,5,65.3,62.6,0,0,0,0,0,0,0,0,0,0,0,0,0,1,0
"2933",2,35,4,86.7,55.1,0,0,0,0,1,0,0,0,0,0,0,0,1,0,0
"2935",8,77,4,31.6,31.6,0,0,0,0,1,0,0,0,0,0,0,1,0,0,0
"2938",4,26,3,54.6,62.4,0,0,0,0,1,0,0,0,0,0,1,0,0,0,0
"2939",2,72,2,31.2,38.3,0,0,0,0,1,0,0,0,0,0,0,0,0,0,0
"2941",2,30,3,68.6,71.7,0,0,0,0,0,0,0,0,1,0,0,0,1,0,0
"2946",3,26,2,25.2,46.6,0,0,0,0,1,0,0,0,0,0,0,0,0,1,0
"2947",0,19,4,49.6,84.2,0,0,0,0,1,0,0,0,0,0,1,0,0,0,0
"2948",3,65,4,57.4,38.8,0,0,0,0,1,0,0,0,0,0,1,0,0,0,0
"2951",3,57,3,68.6,63.7,3,0,1,0,0,0,0,0,0,0,1,0,0,0,0
"2954",4,67,3,39.9,84.2,0,0,0,0,0,0,0,0,1,0,0,0,0,0,0
"2955",6,69,3,46.5,13.2,1,0,0,0,0,0,0,0,1,0,0,0,1,0,0
"2957",1,52,4,46.5,23.3,0,0,0,0,0,0,1,0,0,0,0,1,0,0,0
"2960",0,48,4,57.5,82.5,0,0,0,0,1,0,0,0,0,0,0,0,0,1,0
"2961",2,58,3,18.8,39.7,2,0,0,0,1,0,0,0,0,0,0,1,0,0,0
"2962",1,79,2,23.3,12.6,0,0,0,1,0,0,0,0,0,0,1,0,0,0,0
"2966",6,70,4,36.2,38.3,2,0,0,0,1,0,0,0,0,0,0,1,0,0,0
"2967",1,41,3,32,38.8,0,0,0,0,1,0,0,0,0,0,0,1,0,0,0
"2970",2,58,3,65.3,38.3,2,0,0,0,0,1,0,0,0,0,0,0,1,0,0
"2971",2,66,3,39.7,26.8,3,0,0,0,0,0,1,0,0,0,0,0,0,1,0
"2972",0,68,4,39.7,62,0,0,0,0,0,0,1,0,0,0,0,0,1,0,0
"2974",0,41,4,37.6,56.9,0,0,0,1,0,0,0,0,0,0,0,0,0,1,0
"2975",2,70,4,84.3,39.7,2,0,0,0,0,0,0,0,0,0,0,0,1,0,0
"2976",13,65,2,57.5,24.2,0,0,0,0,0,0,0,0,1,0,0,1,0,0,0
"2978",3,50,1,31.6,26.5,4,0,1,0,0,0,0,0,0,0,0,0,1,0,0
"2979",3,68,5,75.2,82.5,0,0,0,0,0,0,1,0,0,0,0,0,0,0,1
"2980",2,46,3,59.1,84.2,2,0,1,0,0,0,0,0,0,0,0,0,0,1,0
"2986",1,32,3,69.3,80.9,0,0,0,0,1,0,0,0,0,0,1,0,0,0,0
"2990",1,26,3,50.4,74.8,0,0,0,0,0,0,1,0,0,0,0,0,0,0,1
"2992",1,32,4,32,88.3,0,0,0,0,0,0,0,0,0,0,0,0,1,0,0
"2993",1,55,3,85.2,52,4,0,1,0,0,0,0,0,0,0,0,0,1,0,0
"2997",10,27,4,42.9,35.4,0,0,0,0,1,0,0,0,0,0,0,0,1,0,0
"2999",2,68,4,50.4,61.5,0,0,0,0,0,0,0,0,0,1,0,1,0,0,0
"3000",1,44,3,39.7,63.7,0,0,0,0,1,0,0,0,0,0,0,0,1,0,0
"3001",4,72,2,31.2,39.7,3,0,0,0,1,0,0,0,0,0,0,1,0,0,0
"3004",1,36,3,25.2,71.8,0,0,0,0,1,0,0,0,0,0,0,1,0,0,0
"3006",1,31,3,39.9,20.8,0,0,0,0,1,0,0,0,0,0,0,0,1,0,0
"3007",6,36,1,39.7,39.7,4,0,1,0,0,0,0,0,0,0,0,0,0,0,0
"3010",1,62,1,50.4,62,2,0,0,0,1,0,0,0,0,0,0,1,0,0,0
"3016",4,41,3,32,12.6,4,0,1,0,0,0,0,0,0,0,0,0,1,0,0
"3022",3,46,3,32,20.7,0,0,0,0,0,0,1,0,0,0,0,1,0,0,0
"3024",0,85,3,86.5,37.6,4,0,0,0,0,0,1,0,0,0,1,0,0,0,0
"3026",6,49,3,92.8,75.7,4,0,0,0,1,0,0,0,0,0,1,0,0,0,0
"3027",3,41,2,39.9,20.8,4,0,1,0,0,0,0,0,0,0,0,0,1,0,0
"3028",0,39,3,46.2,38.8,0,0,0,0,0,0,1,0,0,0,1,0,0,0,0
"3033",6,47,3,62.7,54.6,2,0,0,0,0,0,1,0,0,0,0,1,0,0,0
"3037",8,60,4,46,13.6,4,0,0,0,0,0,1,0,0,0,0,0,1,0,0
"3043",4,32,3,17.1,23.3,0,0,0,0,0,0,1,0,0,0,1,0,0,0,0
"3047",7,48,3,26.8,20.7,0,0,0,0,0,0,0,0,0,0,1,0,0,0,0
"3052",9,73,1,14,12.4,0,0,0,0,0,0,1,0,0,0,0,1,0,0,0
"3060",2,20,2,28.7,13.6,4,0,0,0,0,0,1,0,0,0,0,0,1,0,0
"3063",2,69,3,21.5,39.7,0,0,0,0,0,0,1,0,0,0,1,0,0,0,0
"3070",1,76,3,23.3,13.6,1,0,0,0,0,0,1,0,0,0,0,0,1,0,0
"3071",0,38,3,31.4,25.7,2,0,0,0,0,0,1,0,0,0,0,0,1,0,0
"3079",2,57,3,38.3,38.2,0,0,0,0,0,0,1,0,0,0,0,0,0,1,0
"3081",1,51,3,39.6,24.2,0,0,0,0,0,0,1,0,0,0,0,0,0,1,0
"3086",1,36,4,65.1,26.1,0,0,0,0,0,0,1,0,0,0,0,0,1,0,0
"3090",1,27,3,80.7,76.3,0,0,0,0,0,0,1,0,0,0,0,1,0,0,0
"3093",3,62,3,65.3,43,0,0,0,0,0,0,1,0,0,0,0,0,0,0,1
"3094",1,56,3,36.2,73.5,0,0,0,0,0,0,1,0,0,0,0,0,1,0,0
"3098",5,24,3,45.1,35.8,2,0,0,0,0,0,1,0,0,0,0,0,1,0,0
"3100",2,75,2,46,17,0,0,0,0,0,0,1,0,0,0,0,0,1,0,0
"3101",13,42,4,81.6,24.2,1,0,0,0,0,0,0,0,0,0,0,0,1,0,0
"3102",0,64,2,36.4,76.3,1,0,0,0,0,0,0,0,0,0,0,0,0,1,0
"3106",11,70,3,27.7,13.2,0,0,0,0,0,0,1,0,0,0,0,1,0,0,0
"3107",2,37,3,38.3,20.1,0,0,0,0,0,0,1,0,0,0,0,0,0,0,1
"3112",1,35,3,39.7,67.8,0,0,0,0,0,0,1,0,0,0,1,0,0,0,0
"3113",1,68,3,43,37.6,0,0,0,0,0,0,1,0,0,0,0,1,0,0,0
"3114",5,44,2,64.9,21.8,0,0,0,0,0,0,0,1,0,0,1,0,0,0,0
"3115",1,27,4,83.8,80.9,0,0,0,0,0,0,1,0,0,0,0,0,0,1,0
"3118",4,31,1,25.2,24.2,0,0,0,0,0,0,1,0,0,0,1,0,0,0,0
"3121",3,62,3,46.5,39.7,0,0,0,0,0,0,1,0,0,0,1,0,0,0,0
"3125",2,60,3,51.8,38.8,1,0,0,0,0,0,1,0,0,0,0,1,0,0,0
"3127",3,56,3,92.8,84.2,1,0,0,0,1,0,0,0,0,0,0,0,0,0,0
"3132",1,24,4,61.4,25.7,0,0,0,0,0,0,1,0,0,0,0,1,0,0,0
"3134",3,29,4,84.2,77.2,0,0,0,0,0,0,1,0,0,0,0,1,0,0,0
"3138",1,72,3,50.4,75.5,0,0,0,0,0,0,1,0,0,0,0,0,1,0,0
"3142",10,68,2,20.7,14,4,0,0,0,0,0,1,0,0,0,0,0,0,0,1
"3144",3,53,3,75.2,38.8,0,0,0,0,0,0,1,0,0,0,0,0,1,0,0
"3146",1,45,4,32,80.9,0,0,0,0,0,0,1,0,0,0,0,0,1,0,0
"3152",3,74,2,31.2,39.7,0,0,0,0,0,0,1,0,0,0,0,0,1,0,0
"3153",2,63,3,46,75.5,0,0,0,0,1,0,0,0,0,0,0,1,0,0,0
"3156",3,73,3,20.7,23.8,0,0,0,0,0,0,1,0,0,0,0,0,0,1,0
"3157",3,54,4,50.4,81,2,0,0,0,0,0,1,0,0,0,0,0,1,0,0
"3168",3,32,2,65.1,63.7,0,0,0,0,1,0,0,0,0,0,0,0,0,0,1
"3170",1,50,2,46.5,37.6,1,0,0,0,1,0,0,0,0,0,0,0,1,0,0
"3175",3,65,2,46.5,84.2,0,0,0,0,0,0,0,0,0,0,0,0,0,0,1
"3178",3,56,3,32,38.8,2,0,0,0,1,0,0,0,0,0,0,1,0,0,0
"3181",2,38,3,67.7,12.6,4,0,0,0,1,0,0,0,0,0,1,0,0,0,0
"3186",1,49,3,83.8,84.2,0,0,0,0,0,0,1,0,0,0,0,1,0,0,0
"3188",2,84,4,43,38.3,4,0,0,1,0,0,0,0,0,0,0,0,1,0,0
"3189",3,35,4,87.8,62,2,0,0,0,0,1,0,0,0,0,0,0,1,0,0
"3195",0,79,4,81.6,84.2,0,0,0,0,0,0,0,0,1,0,0,0,1,0,0
"3202",2,49,2,39.9,80.9,0,0,0,0,0,0,0,0,0,1,0,0,0,0,0
"3203",4,36,4,32,21.8,0,0,0,0,0,0,0,0,0,1,0,0,1,0,0
"3207",3,64,1,23.7,80.9,0,0,0,0,0,0,0,0,1,0,0,0,0,0,0
"3211",1,45,3,71.8,60.5,0,0,0,0,0,0,0,0,0,1,0,1,0,0,0
"3214",2,32,3,67.7,80.9,0,0,0,0,0,0,0,0,0,1,1,0,0,0,0
"3215",4,28,2,84,21.6,0,0,0,0,0,0,0,0,0,1,0,0,1,0,0
"3216",7,64,3,50.4,84.2,0,1,0,0,0,0,0,0,0,0,0,1,0,0,0
"3220",1,46,3,36.7,37.9,0,0,0,0,0,0,0,0,0,1,0,0,1,0,0
"3226",4,74,3,61.2,38.1,0,0,0,0,0,0,0,1,0,0,0,0,1,0,0
"3228",0,48,3,87.9,76.3,0,0,0,0,0,0,0,0,0,1,0,0,0,1,0
"3229",1,38,3,17.5,80.9,0,0,0,0,0,0,0,0,0,1,0,0,1,0,0
"3231",1,38,3,26.8,38.8,0,0,0,0,0,0,0,0,0,1,0,0,0,1,0
"3232",2,60,3,25.2,31.9,0,0,0,0,0,0,0,0,0,1,0,0,0,0,0
"3236",5,65,2,24,24.2,0,0,0,0,0,0,1,0,0,0,0,0,0,1,0
"3238",3,59,4,35.3,26.1,0,0,0,0,0,0,0,0,0,1,0,0,1,0,0
"3244",0,57,3,77.4,26.1,0,0,0,0,0,0,0,0,0,1,0,0,0,0,1
"3246",1,47,3,46.6,21.6,0,0,0,0,0,0,0,0,0,1,0,0,1,0,0
"3248",10,61,1,28.7,13.6,0,0,0,0,0,0,0,0,0,1,0,0,1,0,0
"3250",3,70,2,32,39.7,0,0,0,0,0,0,0,0,0,1,1,0,0,0,0
"3251",1,40,5,35.3,26.8,0,0,0,0,0,0,0,0,0,1,0,0,1,0,0
"3252",3,66,3,59.1,25,0,1,0,0,0,0,0,0,0,0,1,0,0,0,0
"3253",3,70,4,58.4,38.8,0,0,0,0,0,0,0,0,0,1,0,0,0,1,0
"3254",6,42,3,18.6,25,0,0,0,0,0,0,0,0,0,1,0,0,1,0,0
"3255",1,64,3,50.4,38.8,0,0,1,0,0,0,0,0,0,0,1,0,0,0,0
"3261",4,71,3,26.8,25,0,0,0,0,0,0,0,0,0,0,0,0,0,1,0
"3262",2,38,3,50.1,36.9,0,0,0,0,0,0,0,0,0,1,0,0,1,0,0
"3264",7,62,3,38.3,34.1,0,0,0,0,0,0,0,0,0,1,0,0,1,0,0
"3268",1,49,4,59.1,24.6,0,0,0,0,0,0,1,0,0,0,0,0,0,1,0
"3273",2,56,4,35.4,68.6,0,0,0,0,0,0,0,0,0,0,0,0,1,0,0
"3274",3,87,3,18.8,14,1,0,0,0,0,0,1,0,0,0,0,0,1,0,0
"3280",4,70,2,92,38.8,0,1,0,0,0,0,0,0,0,0,0,0,0,1,0
"3283",1,39,3,36.4,12.6,0,0,0,0,0,0,0,0,0,0,0,1,0,0,0
"3284",1,63,3,25.1,35.8,0,1,0,0,0,0,0,0,0,0,0,1,0,0,0
"3287",4,26,2,25.2,56.9,1,0,0,0,0,0,0,0,0,1,0,0,0,0,0
"3292",3,45,3,62.9,62.9,0,0,0,0,0,0,0,0,0,1,0,0,0,0,1
"3302",1,25,4,80.7,70.5,1,0,0,0,0,0,0,1,0,0,0,0,0,1,0
"3303",2,51,2,28.7,19.6,4,0,0,0,0,0,0,0,1,0,0,0,1,0,0
"3308",5,47,2,42.2,13.2,0,1,0,0,0,0,0,0,0,0,0,0,0,0,1
"3309",2,44,3,43,80.9,0,0,0,0,0,0,0,0,1,0,0,0,1,0,0
"3311",3,48,4,65.3,41,0,0,0,0,0,0,0,0,0,1,0,0,1,0,0
"3312",1,31,4,25,71.6,0,0,0,0,0,0,0,0,1,0,0,0,0,0,0
"3313",2,38,1,25,20.7,0,0,0,0,0,0,0,0,1,0,0,0,0,0,1
"3315",6,34,3,39.7,13.6,0,0,0,0,0,0,1,0,0,0,0,1,0,0,0
"3318",2,56,2,65.3,26.8,0,0,0,0,1,0,0,0,0,0,0,0,0,1,0
"3319",2,47,3,39.9,39.9,0,0,0,0,0,0,0,0,1,0,0,0,0,0,0
"3320",7,47,1,50.4,25,0,0,0,0,0,0,0,0,1,0,0,0,0,0,1
"3321",2,19,2,45.4,39.7,0,0,0,0,0,0,0,0,1,0,0,0,0,0,1
"3327",3,70,3,50.4,61.4,0,0,0,0,0,0,0,0,1,0,0,0,1,0,0
"3329",5,84,3,50.3,46.6,0,0,0,0,0,0,0,0,1,0,0,0,1,0,0
"3334",3,76,2,65.1,45.3,4,0,0,1,0,0,0,0,0,0,0,0,0,1,0
"3338",0,36,3,67.7,41,0,0,0,1,0,0,0,0,0,0,0,0,1,0,0
"3346",1,56,3,31.2,38.8,0,0,0,0,0,0,0,0,0,0,0,0,0,0,1
"3347",1,40,2,85.2,12.6,0,0,0,0,0,0,0,0,0,0,0,0,0,0,1
"3352",1,24,4,30.1,68.6,0,0,0,0,0,0,0,0,0,0,0,0,1,0,0
"3355",5,59,4,27.2,38.8,0,0,0,0,0,0,0,0,0,0,0,0,1,0,0
"3356",2,62,4,39.6,38.8,1,0,0,0,0,0,0,0,0,0,0,0,0,0,1
"3358",0,38,3,31.2,12.6,0,0,0,0,0,0,0,0,0,0,0,0,0,0,1
"3359",2,38,3,25,21.8,0,0,0,0,0,0,0,0,0,0,0,0,0,0,1
"3366",2,50,3,35.4,43,0,0,0,0,0,0,0,0,0,0,0,0,1,0,0
"3369",3,40,4,62,38.3,0,0,0,0,0,0,0,0,0,0,0,0,1,0,0
"3370",3,62,2,31.2,21.6,1,0,0,0,0,0,0,0,0,0,0,0,0,0,1
"3373",2,46,4,24.6,69.3,0,0,0,0,0,0,0,0,1,0,0,0,0,0,1
"3374",2,28,3,31,20.7,0,0,0,0,0,0,0,0,0,0,0,0,1,0,0
"3375",3,74,2,32,38.8,0,0,0,0,0,0,0,0,0,0,1,0,0,0,0
"3381",2,75,2,62.6,84.2,0,0,0,0,0,0,0,0,0,0,0,0,0,1,0
"3382",1,72,4,45.4,35.8,0,0,0,0,0,0,0,0,0,0,0,1,0,0,0
"3383",2,69,2,28.7,13.6,1,0,0,0,0,0,0,0,0,0,0,0,1,0,0
"3384",2,27,3,58.4,67.7,0,0,0,0,0,0,0,1,0,0,0,0,1,0,0
"3387",1,41,3,31,14,0,0,0,0,0,0,0,1,0,0,0,0,0,0,0
"3388",1,74,4,43,43,0,0,0,0,0,0,0,1,0,0,0,0,1,0,0
"3389",3,64,1,57.8,26.1,0,0,0,0,0,0,0,1,0,0,0,0,0,0,0
"3392",3,35,2,25.2,31.6,0,0,0,0,0,0,0,0,0,0,0,0,1,0,0
"3396",1,39,3,50.4,76.3,0,0,0,0,0,0,0,0,0,0,0,0,0,0,1
"3398",2,69,2,42.8,20.1,0,0,0,0,0,0,0,0,0,0,0,0,0,0,1
"3401",1,22,3,23.3,13.6,0,0,0,0,0,0,0,0,0,0,0,0,0,0,1
"3403",0,45,3,26.8,14,0,0,0,0,0,0,0,0,0,0,0,0,0,0,0
"3405",3,61,3,46.5,37.6,0,0,0,0,0,0,0,0,0,0,0,0,0,0,1
"3411",1,40,4,57.5,43,0,1,0,0,0,0,0,0,0,0,0,0,1,0,0
"3412",2,72,2,32,23.3,0,1,0,0,0,0,0,0,0,0,0,0,0,0,1
"3413",2,33,3,25.2,43.8,0,1,0,0,0,0,0,0,0,0,0,0,1,0,0
"3414",1,43,2,23.3,21.6,1,1,0,0,0,0,0,0,0,0,0,0,1,0,0
"3415",2,61,3,38.1,38.8,0,1,0,0,0,0,0,0,0,0,0,0,0,0,1
"3417",9,62,3,21,13.6,0,1,0,0,0,0,0,0,0,0,0,1,0,0,0
"3421",6,33,3,14,39.9,4,0,1,0,0,0,0,0,0,0,0,0,1,0,0
"3422",2,55,1,67.7,41.8,0,1,0,0,0,0,0,0,0,0,0,0,1,0,0
"3426",4,64,3,20,13.6,0,1,0,0,0,0,0,0,0,0,0,0,1,0,0
"3428",1,25,3,32,65.3,0,1,0,0,0,0,0,0,0,0,0,0,1,0,0
"3430",1,49,4,32,84.2,0,1,0,0,0,0,0,0,0,0,0,0,1,0,0
"3434",2,54,2,39.9,25.7,0,1,0,0,0,0,0,0,0,0,0,0,0,0,0
"3435",4,50,3,25,13.2,0,1,0,0,0,0,0,0,0,0,0,0,0,0,0
"3441",12,71,2,39.9,21.8,0,1,0,0,0,0,0,0,0,0,0,0,0,0,0
"3443",2,29,3,38.1,25,0,1,0,0,0,0,0,0,0,0,0,0,0,0,1
"3445",3,52,3,18.6,26.8,0,1,0,0,0,0,0,0,0,0,0,0,1,0,0
"3447",2,33,3,52.5,67.7,0,1,0,0,0,0,0,0,0,0,0,0,1,0,0
"3449",4,51,1,46.5,13.2,0,1,0,0,0,0,0,0,0,0,0,0,0,0,1
"3451",1,33,2,51.8,38.3,0,1,0,0,0,0,0,0,0,0,0,0,0,0,0
"3452",6,34,2,25.2,12.6,4,0,1,0,0,0,0,0,0,0,0,1,0,0,0
"3455",2,40,3,52,84.5,0,1,0,0,0,0,0,0,0,0,0,0,1,0,0
"3456",1,33,3,80.9,82.5,0,1,0,0,0,0,0,0,0,0,0,0,0,0,0
"3457",5,55,3,24.6,35.8,0,1,0,0,0,0,0,0,0,0,0,0,1,0,0
"3459",2,40,4,53,77.4,0,1,0,0,0,0,0,0,0,0,0,0,1,0,0
"3464",2,20,4,75.5,63.7,0,1,0,0,0,0,0,0,0,0,0,0,1,0,0
"3467",4,29,3,59.8,59.8,1,0,0,0,0,0,0,1,0,0,0,0,1,0,0
"3469",2,33,3,17.1,18.8,0,1,0,0,0,0,0,0,0,0,0,0,0,0,1
"3470",4,74,3,14.4,13.6,0,0,0,0,0,0,0,1,0,0,0,0,1,0,0
"3472",4,59,2,27.2,12.6,0,0,0,0,0,0,0,1,0,0,0,0,1,0,0
"3475",2,42,2,50.4,21.6,0,0,0,0,0,0,0,1,0,0,0,0,1,0,0
"3478",2,73,3,80.1,84.2,0,0,0,0,0,0,0,1,0,0,0,0,1,0,0
"3479",0,66,3,57.8,39.9,0,0,0,0,0,0,0,1,0,0,0,0,1,0,0
"3482",9,69,1,28.4,12.6,0,0,0,0,0,0,0,1,0,0,0,0,0,0,1
"3483",9,66,2,39.9,62,0,0,0,0,0,0,0,1,0,0,0,0,0,0,1
"3487",1,31,2,82.5,84.2,0,0,0,0,0,0,0,1,0,0,0,0,0,1,0
"3491",1,54,1,32,17.5,0,0,0,1,0,0,0,0,0,0,0,0,0,0,0
"3492",6,66,3,58.1,21.8,0,0,0,0,0,0,0,1,0,0,0,0,0,0,1
"3493",1,36,3,80.9,80.9,0,0,0,0,0,0,0,1,0,0,0,0,1,0,0
"3499",2,66,2,26.8,13.2,0,0,0,0,0,0,0,1,0,0,0,0,1,0,0
"3501",7,62,1,28.7,13.6,0,0,0,0,0,0,0,1,0,0,0,0,1,0,0
"3503",2,65,3,46.5,13.2,1,0,0,0,0,0,0,1,0,0,0,0,0,0,1
"3504",2,78,3,84.5,77.2,0,0,0,0,0,0,0,1,0,0,0,0,1,0,0
"3505",1,54,3,36.4,39.7,0,0,0,0,0,0,0,1,0,0,0,0,1,0,0
"3506",2,53,2,23.3,24.6,1,0,0,0,0,0,0,1,0,0,0,0,1,0,0
"3507",5,80,3,39.7,13.6,0,0,0,0,0,0,0,1,0,0,0,0,1,0,0
"3508",9,78,2,32,19.6,1,0,0,0,0,0,0,1,0,0,0,0,1,0,0
"3510",7,67,3,58.1,38.8,0,0,0,0,0,0,0,1,0,0,0,0,0,0,1
"3511",2,27,2,20,38.8,0,0,0,0,0,0,0,1,0,0,0,0,0,0,1
"3512",1,51,3,51.8,38.8,0,0,0,1,0,0,0,0,0,0,0,0,1,0,0
"3516",2,25,2,62,59.4,0,0,0,0,0,1,0,0,0,0,0,0,0,0,1
"3518",3,74,3,67.7,82.5,0,0,0,0,0,1,0,0,0,0,0,0,1,0,0
"3519",1,85,2,84.5,80.9,2,0,0,0,0,0,0,0,0,0,1,0,0,0,0
"3521",2,30,4,84.5,62.9,0,0,0,0,0,0,0,0,0,0,0,1,0,0,0
"3522",4,74,3,38.3,13.2,3,0,0,0,0,1,0,0,0,0,0,0,1,0,0
"3523",0,29,3,26.8,70.5,0,0,0,0,0,1,0,0,0,0,0,0,1,0,0
"3528",3,72,3,23.3,38.8,1,0,0,0,0,1,0,0,0,0,0,0,1,0,0
"3529",3,60,3,38.3,13.6,0,0,0,0,0,1,0,0,0,0,0,0,1,0,0
"3531",3,61,3,59.8,46.5,1,0,0,0,0,1,0,0,0,0,0,0,0,0,1
"3533",1,49,3,82.5,82.5,0,0,0,0,0,1,0,0,0,0,0,0,1,0,0
"3534",3,50,2,23.7,12.6,1,0,0,0,0,1,0,0,0,0,0,0,1,0,0
"3536",3,66,2,39.7,19.6,0,0,0,0,0,1,0,0,0,0,0,0,1,0,0
"3541",4,29,3,65.3,71.7,0,0,0,0,0,1,0,0,0,0,0,0,0,0,0
"3543",1,49,3,82.5,38.8,0,0,0,1,0,0,0,0,0,0,0,0,1,0,0
