"","sibs","age","incom16","pasei10","masei10","granborn","reg16east_south_atlantic","reg16foreign","reg16middle_atlantic","reg16mountain","reg16new_england","reg16pacific","reg16south_atlantic","reg16west_north_central","reg16west_south_central","res16in_a_large_city_(over_250,000)","res16in_a_medium-size_city_(50,000-250,000)","res16in_a_small_city_or_town_(under_50,000)","res16in_a_suburb_near_a_large_city","res16in_open_country_but_not_on_a_farm","res16large_city","res16medium_size_city","res16small_city_or_town"
"18",3,80,3,76.3,38.8,4,0,0,1,0,0,0,0,0,0,0,0,0,1,0,0,0,0
"23",1,65,3,25.1,13.2,4,0,0,1,0,0,0,0,0,0,0,1,0,0,0,0,1,0
"26",0,82,3,23.3,38.8,2,0,0,1,0,0,0,0,0,0,0,0,0,1,0,0,0,0
"35",0,62,4,66.2,35.1,2,0,0,1,0,0,0,0,0,0,0,0,0,1,0,0,0,0
"50",1,70,3,45.4,39.7,4,0,0,0,0,1,0,0,0,0,0,0,0,1,0,0,0,0
"52",2,46,4,77.4,67.7,1,0,1,0,0,0,0,0,0,0,1,0,0,0,0,1,0,0
"53",1,43,5,85.2,76.3,4,0,0,0,1,0,0,0,0,0,0,0,0,1,0,0,0,0
"56",7,66,3,21.5,19.6,1,0,0,0,0,1,0,0,0,0,1,0,0,0,0,1,0,0
"79",1,62,2,35.8,80.9,4,0,0,1,0,0,0,0,0,0,1,0,0,0,0,1,0,0
"80",6,23,2,26.8,20.1,4,0,1,0,0,0,0,0,0,0,1,0,0,0,0,1,0,0
"93",4,47,1,50.4,27,0,0,0,1,0,0,0,0,0,0,1,0,0,0,0,1,0,0
"98",6,71,3,35.8,20.7,4,0,1,0,0,0,0,0,0,0,0,1,0,0,0,0,1,0
"113",6,48,3,43,21.8,0,0,0,1,0,0,0,0,0,0,0,0,0,1,0,0,0,0
"114",1,40,4,37.6,57.8,2,0,0,1,0,0,0,0,0,0,0,1,0,0,0,0,1,0
"118",2,46,3,65.3,38.8,0,0,0,1,0,0,0,0,0,0,0,0,1,0,0,0,0,1
"137",6,56,3,76.3,33.2,4,0,0,1,0,0,0,0,0,0,1,0,0,0,0,1,0,0
"150",1,29,4,76.3,38.3,4,0,0,1,0,0,0,0,0,0,1,0,0,0,0,1,0,0
"153",1,70,3,76.3,35.1,4,0,0,1,0,0,0,0,0,0,1,0,0,0,0,1,0,0
"172",2,34,3,62,26.1,0,0,0,1,0,0,0,0,0,0,0,0,0,1,0,0,0,0
"173",2,29,3,81.5,84.2,0,0,0,1,0,0,0,0,0,0,0,0,0,1,0,0,0,0
"182",3,53,2,32,59.8,0,0,0,1,0,0,0,0,0,0,0,1,0,0,0,0,1,0
"206",1,74,2,18.6,13.2,4,0,0,0,0,0,1,0,0,0,1,0,0,0,0,1,0,0
"227",1,43,3,88.7,57.5,4,0,0,0,0,0,1,0,0,0,0,0,0,1,0,0,0,0
"238",2,41,4,52.3,80.9,4,0,1,0,0,0,0,0,0,0,0,1,0,0,0,0,1,0
"248",1,22,3,31.2,62.9,4,0,0,0,0,0,1,0,0,0,1,0,0,0,0,1,0,0
"249",8,51,2,39.7,13.2,4,0,1,0,0,0,0,0,0,0,1,0,0,0,0,1,0,0
"268",4,30,3,91.9,86.8,1,0,0,0,0,0,1,0,0,0,1,0,0,0,0,1,0,0
"272",1,66,4,67.7,43,1,0,0,0,0,0,0,0,0,0,0,0,0,1,0,0,0,0
"277",2,57,1,39.9,38.3,0,0,0,0,0,0,0,0,1,0,0,0,0,0,0,0,0,0
"284",2,41,4,61.4,54.6,4,0,1,0,0,0,0,0,0,0,0,0,1,0,0,0,0,1
"296",2,61,1,58.4,12.6,4,0,1,0,0,0,0,0,0,0,0,1,0,0,0,0,1,0
"300",2,28,4,65.3,26.1,0,0,0,0,1,0,0,0,0,0,0,1,0,0,0,0,1,0
"301",7,60,4,89.3,80.9,2,0,0,0,0,0,1,0,0,0,0,1,0,0,0,0,1,0
"305",2,60,3,43,68.6,2,0,0,0,0,0,1,0,0,0,0,1,0,0,0,0,1,0
"312",14,66,4,25.2,38.8,4,0,1,0,0,0,0,0,0,0,0,1,0,0,0,0,1,0
"321",1,23,3,86.8,76.3,4,0,0,0,0,0,1,0,0,0,0,0,1,0,0,0,0,1
"329",3,54,1,28.7,12.6,0,0,0,0,0,0,1,0,0,0,0,1,0,0,0,0,1,0
"330",3,33,2,84.2,86.8,4,0,0,0,0,0,1,0,0,0,1,0,0,0,0,1,0,0
"331",3,20,3,23.3,23.3,4,0,0,0,0,0,1,0,0,0,1,0,0,0,0,1,0,0
"338",3,31,1,18.6,12.6,4,0,0,0,0,0,1,0,0,0,1,0,0,0,0,1,0,0
"347",2,74,1,28.7,26.8,4,0,1,0,0,0,0,0,0,0,0,0,0,1,0,0,0,0
"372",8,53,4,77.4,25,0,0,0,0,0,0,0,0,0,0,1,0,0,0,0,1,0,0
"374",10,45,2,31.2,23.3,0,0,0,0,0,0,0,0,0,0,1,0,0,0,0,1,0,0
"377",6,70,1,26.8,26.8,0,0,0,0,0,0,0,0,0,0,1,0,0,0,0,1,0,0
"378",3,33,1,25.2,26.8,2,0,0,0,0,0,0,0,0,0,1,0,0,0,0,1,0,0
"388",3,63,3,67.7,67.7,0,0,0,0,0,0,0,0,0,0,0,0,0,1,0,0,0,0
"390",2,77,3,25,23.8,0,0,0,0,0,0,0,0,0,0,0,0,1,0,0,0,0,1
"407",1,57,3,48.3,56.9,0,0,0,0,0,0,0,1,0,0,0,1,0,0,0,0,1,0
"412",2,84,3,32,19.6,4,0,0,0,0,0,0,0,0,0,0,0,1,0,0,0,0,1
"413",2,29,4,38.8,69.3,4,0,0,0,0,0,0,0,0,0,0,0,0,1,0,0,0,0
"415",2,77,3,65.3,38.1,1,0,0,0,0,0,0,0,0,0,1,0,0,0,0,1,0,0
"423",0,85,3,32,55.3,0,0,0,0,0,0,0,0,0,0,1,0,0,0,0,1,0,0
"429",3,63,3,28.4,35.8,3,0,0,0,0,0,0,0,0,0,0,1,0,0,0,0,1,0
"432",2,75,3,38.3,35.8,0,0,0,0,0,0,0,0,0,0,0,0,1,0,0,0,0,1
"459",2,56,4,62,38.8,0,0,0,1,0,0,0,0,0,0,0,0,0,1,0,0,0,0
"476",2,44,3,67.7,35.3,0,0,0,0,0,0,0,1,0,0,0,0,0,1,0,0,0,0
"481",3,64,4,61.2,84.2,2,0,0,0,0,1,0,0,0,0,0,0,0,1,0,0,0,0
"482",3,57,4,77.4,43,0,0,0,0,0,0,0,1,0,0,1,0,0,0,0,1,0,0
"485",2,58,2,81.6,25.7,4,0,0,0,0,0,0,0,0,0,0,0,1,0,0,0,0,1
"491",5,71,2,62.6,38.8,4,0,0,1,0,0,0,0,0,0,0,1,0,0,0,0,1,0
"492",5,49,3,91.1,84.2,3,0,0,1,0,0,0,0,0,0,0,0,0,1,0,0,0,0
"495",1,38,3,65.1,84.2,0,0,0,0,0,0,0,1,0,0,0,0,0,1,0,0,0,0
"502",0,29,5,67.7,35.1,0,0,0,0,0,0,0,1,0,0,0,0,1,0,0,0,0,1
"511",2,34,4,67.7,43.1,0,0,0,0,0,0,1,0,0,0,1,0,0,0,0,1,0,0
"514",4,70,4,41.6,20.8,0,0,0,0,0,0,0,1,0,0,0,0,0,0,1,0,0,0
"518",1,53,4,84.5,84.5,2,0,0,0,0,0,0,0,0,0,0,0,1,0,0,0,0,1
"520",0,49,2,50.4,28.7,0,0,0,0,0,0,0,0,0,1,0,0,1,0,0,0,0,1
"534",2,23,3,77.3,80.9,0,0,0,0,0,0,0,1,0,0,0,0,0,1,0,0,0,0
"537",1,42,3,70.5,35.8,0,0,0,0,0,0,0,1,0,0,0,0,0,1,0,0,0,0
"547",3,79,3,67.7,39.7,0,0,0,0,0,0,0,0,0,0,0,1,0,0,0,0,1,0
"552",5,65,3,45.4,56.9,0,0,0,0,0,0,0,1,0,0,0,0,1,0,0,0,0,1
"556",6,60,2,45.4,46.6,0,0,0,0,0,0,0,1,0,0,0,0,0,0,0,0,0,0
"561",1,27,4,92.8,54.6,1,0,0,1,0,0,0,0,0,0,0,0,1,0,0,0,0,1
"565",2,37,2,67.7,59.1,3,0,0,0,0,1,0,0,0,0,0,0,1,0,0,0,0,1
"570",1,24,4,86.6,20.8,4,0,0,0,0,1,0,0,0,0,0,0,1,0,0,0,0,1
"573",3,39,4,87.9,80.9,0,0,0,0,0,0,0,0,1,0,0,0,1,0,0,0,0,1
"579",2,33,5,77.4,59.1,0,0,0,0,0,1,0,0,0,0,0,0,0,1,0,0,0,0
"580",1,38,3,62,38.3,0,0,0,0,0,1,0,0,0,0,0,0,0,1,0,0,0,0
"583",3,70,3,43,43,3,0,0,0,0,1,0,0,0,0,0,0,1,0,0,0,0,1
"597",5,26,4,59.1,88.3,0,0,0,1,0,0,0,0,0,0,0,0,1,0,0,0,0,1
"598",1,56,1,82.5,92.8,4,0,1,0,0,0,0,0,0,0,0,0,1,0,0,0,0,1
"621",0,33,4,62,76.3,0,0,0,0,0,1,0,0,0,0,0,0,1,0,0,0,0,1
"624",1,59,4,51.9,31.9,0,0,0,0,0,1,0,0,0,0,0,0,1,0,0,0,0,1
"641",1,53,3,24.6,13.6,1,0,0,0,0,1,0,0,0,0,0,0,0,1,0,0,0,0
"645",2,65,2,35.3,28.6,2,0,0,0,0,1,0,0,0,0,0,1,0,0,0,0,1,0
"648",1,52,2,87.6,38.3,1,0,0,0,0,1,0,0,0,0,0,1,0,0,0,0,1,0
"653",1,39,2,50,35.3,0,0,0,0,0,1,0,0,0,0,0,1,0,0,0,0,1,0
"661",3,60,4,91.1,37.6,0,0,0,0,0,0,0,0,0,0,0,0,0,1,0,0,0,0
"664",1,68,2,37.6,38.8,4,0,1,0,0,0,0,0,0,0,0,0,1,0,0,0,0,1
"683",7,44,4,37.6,82.5,0,0,0,0,0,0,0,0,0,1,0,0,0,1,0,0,0,0
"686",1,57,3,84.5,25.7,0,0,0,0,0,0,1,0,0,0,1,0,0,0,0,1,0,0
"699",4,55,3,67.7,54.6,4,0,1,0,0,0,0,0,0,0,1,0,0,0,0,1,0,0
"702",2,28,4,39.2,20.7,4,0,0,0,0,0,1,0,0,0,0,1,0,0,0,0,1,0
"706",1,27,3,20.7,38.8,1,0,0,0,0,0,1,0,0,0,0,0,0,0,1,0,0,0
"709",2,72,3,19,26.8,3,0,0,0,0,0,1,0,0,0,0,0,0,1,0,0,0,0
"711",6,57,2,84.5,87.3,4,0,0,0,0,0,0,1,0,0,0,0,0,0,1,0,0,0
"726",2,79,2,23.2,38.3,1,0,0,0,0,0,1,0,0,0,0,0,1,0,0,0,0,1
"731",4,49,3,85.2,61.4,2,0,0,0,0,0,0,0,0,1,1,0,0,0,0,1,0,0
"762",5,68,2,53.7,31.9,0,0,0,0,0,0,0,1,0,0,0,0,1,0,0,0,0,1
"763",1,38,1,25.2,24.2,4,0,0,1,0,0,0,0,0,0,1,0,0,0,0,1,0,0
"766",1,35,1,21.6,21.6,4,0,0,0,0,0,0,0,0,1,1,0,0,0,0,1,0,0
"780",1,69,3,62,34.8,2,0,0,0,0,0,0,0,0,1,1,0,0,0,0,1,0,0
"783",4,66,2,62,72.5,3,0,0,0,0,0,0,0,0,1,0,1,0,0,0,0,1,0
"786",1,62,3,52.1,39.7,0,0,0,0,0,0,0,0,0,1,0,0,1,0,0,0,0,1
"797",2,64,1,39.9,21.6,0,0,0,0,0,0,0,0,1,0,0,0,0,0,0,0,0,0
"805",1,56,3,25,38.8,0,0,0,0,0,0,0,0,0,1,0,0,0,0,1,0,0,0
"814",1,40,3,57.5,38.8,0,0,0,0,0,0,0,0,0,1,0,0,0,1,0,0,0,0
"823",3,66,3,50.4,61.5,0,0,0,0,0,0,1,0,0,0,0,0,1,0,0,0,0,1
"828",5,67,1,39.7,26.8,4,0,1,0,0,0,0,0,0,0,0,0,1,0,0,0,0,1
"831",3,39,1,51.5,26.8,4,0,0,0,0,0,0,0,0,1,1,0,0,0,0,1,0,0
"836",3,57,2,45.4,24.6,0,0,0,0,0,0,0,0,0,1,0,0,0,0,0,0,0,0
"852",1,22,4,85,81,0,0,0,0,0,0,0,1,0,0,0,0,0,1,0,0,0,0
"872",3,68,3,26.8,20.7,0,0,0,0,0,0,0,0,0,0,0,0,0,1,0,0,0,0
"882",2,76,3,31.2,39.9,0,0,0,0,0,0,0,1,0,0,0,0,1,0,0,0,0,1
"887",2,53,3,43.8,56.9,0,0,0,1,0,0,0,0,0,0,1,0,0,0,0,1,0,0
"892",0,51,3,50.4,20.8,0,0,0,1,0,0,0,0,0,0,0,0,1,0,0,0,0,1
"893",4,54,3,77,59.8,0,0,0,1,0,0,0,0,0,0,0,0,0,0,1,0,0,0
"905",4,59,3,56.9,38.8,0,0,0,1,0,0,0,0,0,0,0,1,0,0,0,0,1,0
"910",3,70,2,23.3,38.3,0,0,0,0,0,0,0,0,0,1,0,0,1,0,0,0,0,1
"921",2,21,3,46,38.3,0,0,0,0,0,0,0,0,0,1,1,0,0,0,0,1,0,0
"922",2,44,4,48.8,38.2,0,0,0,0,0,0,0,0,0,1,0,0,1,0,0,0,0,1
"984",1,82,2,39.9,12.6,0,0,0,0,0,0,0,1,0,0,0,1,0,0,0,0,1,0
"998",3,60,3,50.4,38.8,0,0,0,0,0,0,0,1,0,0,0,1,0,0,0,0,1,0
"1011",3,69,3,32,13.2,0,0,0,0,0,0,0,1,0,0,1,0,0,0,0,1,0,0
"1013",1,36,3,69.3,46.6,0,0,0,0,0,0,0,1,0,0,0,0,0,1,0,0,0,0
"1023",0,39,3,60.3,60.3,0,0,0,0,0,0,0,1,0,0,0,1,0,0,0,0,1,0
"1024",3,53,4,23.3,26.1,0,0,0,0,0,0,0,1,0,0,1,0,0,0,0,1,0,0
"1034",4,76,2,57.8,19.6,0,0,0,0,1,0,0,0,0,0,0,1,0,0,0,0,1,0
"1045",2,23,3,18.6,12.6,0,0,0,0,0,0,0,1,0,0,0,1,0,0,0,0,1,0
"1049",8,71,3,32.8,59.8,4,0,1,0,0,0,0,0,0,0,0,0,0,0,1,0,0,0
"1051",3,59,4,41,26.5,4,0,1,0,0,0,0,0,0,0,0,0,0,0,1,0,0,0
"1058",0,47,1,28.5,26.5,4,0,0,0,0,0,0,1,0,0,1,0,0,0,0,1,0,0
"1066",2,37,3,57.8,79.3,0,0,0,0,0,0,0,0,0,1,0,0,0,1,0,0,0,0
"1072",1,43,3,92.8,31.9,4,0,1,0,0,0,0,0,0,0,0,0,1,0,0,0,0,1
"1103",5,54,3,92,38.8,0,0,0,0,1,0,0,0,0,0,0,0,0,1,0,0,0,0
"1112",1,64,3,62.6,80.9,0,0,0,0,0,0,0,0,0,0,1,0,0,0,0,1,0,0
"1122",8,51,3,69.4,80.9,4,0,1,0,0,0,0,0,0,0,1,0,0,0,0,1,0,0
"1123",1,39,4,91.1,65.3,2,0,0,0,0,0,0,0,0,0,0,0,0,1,0,0,0,0
"1126",3,85,4,39.9,80.9,2,0,0,0,0,0,0,0,0,0,0,0,1,0,0,0,0,1
"1130",5,72,3,41,13.6,2,0,0,0,0,0,0,0,0,0,1,0,0,0,0,1,0,0
"1131",3,41,4,25,20.7,0,0,0,0,0,0,0,0,0,0,0,0,0,1,0,0,0,0
"1136",2,69,3,24.6,26.8,4,0,0,0,0,0,0,0,0,0,1,0,0,0,0,1,0,0
"1141",4,61,1,32,32,0,0,0,0,0,0,0,0,0,0,0,0,1,0,0,0,0,1
"1144",1,78,4,67.7,80.9,0,0,0,0,0,0,0,0,0,0,1,0,0,0,0,1,0,0
"1148",12,22,2,59.1,56.9,0,0,0,0,0,0,0,0,0,0,1,0,0,0,0,1,0,0
"1155",1,25,2,25.2,76.3,0,0,0,0,0,1,0,0,0,0,1,0,0,0,0,1,0,0
"1173",2,41,3,32,80.9,0,0,0,0,0,0,0,0,0,1,0,1,0,0,0,0,1,0
"1181",1,71,4,59.1,76.7,1,0,0,0,0,0,1,0,0,0,0,0,1,0,0,0,0,1
"1187",1,55,3,46,76.7,1,0,0,0,0,0,1,0,0,0,0,1,0,0,0,0,1,0
"1198",1,33,3,60.3,39.2,0,0,0,0,1,0,0,0,0,0,0,0,1,0,0,0,0,1
"1201",3,22,3,87.9,80.9,0,0,0,0,0,0,1,0,0,0,0,0,0,1,0,0,0,0
"1209",2,37,4,65.3,84.2,0,0,0,0,0,0,1,0,0,0,0,0,0,1,0,0,0,0
"1212",5,73,2,32,12.6,0,0,0,0,0,0,0,1,0,0,0,0,0,0,0,0,0,0
"1222",0,35,3,58.4,19.6,0,0,0,0,0,0,1,0,0,0,0,0,0,1,0,0,0,0
"1233",1,46,4,39.2,92.8,0,0,0,0,0,0,0,0,1,0,0,0,1,0,0,0,0,1
"1240",3,56,3,76.3,39.7,2,0,1,0,0,0,0,0,0,0,0,0,1,0,0,0,0,1
"1254",12,58,2,32,23.8,4,0,0,0,0,0,1,0,0,0,1,0,0,0,0,1,0,0
"1266",2,71,2,50.4,13.2,4,0,1,0,0,0,0,0,0,0,1,0,0,0,0,1,0,0
"1267",8,40,3,61.4,77.2,0,0,0,0,1,0,0,0,0,0,0,0,0,1,0,0,0,0
"1268",8,43,3,28.4,24.2,0,0,0,0,0,0,1,0,0,0,1,0,0,0,0,1,0,0
"1288",1,23,3,50.4,84.2,0,0,0,0,0,0,0,1,0,0,0,1,0,0,0,0,1,0
"1290",3,26,4,87.9,37.6,0,0,0,0,1,0,0,0,0,0,0,0,0,1,0,0,0,0
"1304",6,57,3,28.4,38.8,0,0,0,0,0,0,0,0,1,0,1,0,0,0,0,1,0,0
"1310",3,72,1,23.3,12.6,0,1,0,0,0,0,0,0,0,0,0,1,0,0,0,0,1,0
"1311",6,27,2,57.5,73.9,0,0,0,0,0,0,0,0,0,0,0,0,1,0,0,0,0,1
"1314",1,23,4,75.6,37.8,0,0,0,0,0,0,0,0,1,0,1,0,0,0,0,1,0,0
"1316",1,20,2,83.8,38.8,0,0,0,0,0,0,0,0,1,0,0,0,0,0,1,0,0,0
"1318",8,42,4,45.4,37.6,2,0,0,0,0,0,0,0,1,0,0,0,0,1,0,0,0,0
"1324",2,46,3,62,38.3,4,0,1,0,0,0,0,0,0,0,1,0,0,0,0,1,0,0
"1325",2,44,3,57.4,38.8,0,0,0,0,0,0,0,0,1,0,0,0,0,1,0,0,0,0
"1327",3,45,5,67.7,53.8,0,0,0,0,0,0,0,0,1,0,0,0,0,0,0,0,0,0
"1338",3,46,3,26.8,9,0,0,0,0,0,0,0,0,1,0,0,0,0,0,1,0,0,0
"1362",3,38,3,65.3,46.6,1,0,0,0,0,0,1,0,0,0,0,1,0,0,0,0,1,0
"1365",3,37,2,13.6,13.6,4,0,0,0,0,0,1,0,0,0,0,1,0,0,0,0,1,0
"1403",2,35,3,59.1,69.3,0,0,0,0,1,0,0,0,0,0,0,0,0,1,0,0,0,0
"1404",2,56,3,67.7,84.2,0,0,0,0,1,0,0,0,0,0,0,0,0,1,0,0,0,0
"1407",2,64,2,86.5,76.3,0,0,0,0,0,0,0,1,0,0,0,0,0,1,0,0,0,0
"1415",3,60,4,52.4,84.2,0,0,0,0,0,0,0,0,0,0,0,0,1,0,0,0,0,1
"1430",4,61,3,38.8,36.4,0,0,0,0,0,0,0,0,0,0,0,0,0,1,0,0,0,0
"1432",1,46,3,32,59.8,0,0,0,0,0,0,0,0,0,0,0,0,0,1,0,0,0,0
"1436",1,63,3,35.2,26.8,3,0,0,0,0,0,0,0,0,0,0,0,1,0,0,0,0,1
"1452",1,56,4,53.6,80.9,0,0,0,0,0,0,0,0,1,0,0,1,0,0,0,0,1,0
"1456",3,56,4,32,38.3,0,0,0,0,0,0,0,0,1,0,0,0,0,1,0,0,0,0
"1465",2,37,2,23.3,26.9,0,0,0,0,0,0,0,0,1,0,0,1,0,0,0,0,1,0
"1475",4,48,3,77.4,80.9,0,0,0,0,0,0,0,0,1,0,0,0,0,1,0,0,0,0
"1478",2,68,3,89.1,25.7,0,0,0,0,0,0,0,0,1,0,0,0,0,1,0,0,0,0
"1494",3,63,5,89.1,77.4,0,0,0,0,0,0,0,0,0,0,1,0,0,0,0,1,0,0
"1499",2,79,2,65.1,35.8,4,0,0,1,0,0,0,0,0,0,0,0,1,0,0,0,0,1
"1501",2,52,4,69.3,56.9,0,0,0,0,0,0,0,1,0,0,0,0,0,1,0,0,0,0
"1505",2,45,3,92.8,84.2,0,0,0,0,0,0,0,1,0,0,0,1,0,0,0,0,1,0
"1512",3,47,4,73.5,38.1,4,0,1,0,0,0,0,0,0,0,0,0,1,0,0,0,0,1
"1529",2,50,4,39.7,38.8,0,0,0,0,0,0,0,1,0,0,0,0,0,0,0,0,0,0
"1534",5,29,2,14,14,4,0,0,0,0,0,0,1,0,0,0,1,0,0,0,0,1,0
"1547",2,57,2,45.4,30.9,0,0,0,1,0,0,0,0,0,0,1,0,0,0,0,1,0,0
"1553",3,40,1,20.7,26.5,1,0,0,0,0,0,0,1,0,0,0,0,0,1,0,0,0,0
"1560",5,73,5,50.4,27,0,0,0,0,0,0,0,1,0,0,0,0,1,0,0,0,0,1
"1564",1,49,3,59.1,67.7,1,0,0,0,0,0,0,1,0,0,0,0,0,1,0,0,0,0
"1573",4,53,2,52,39.7,4,0,0,0,0,0,1,0,0,0,0,0,0,1,0,0,0,0
"1575",1,42,2,67.7,59.1,0,0,0,0,0,0,1,0,0,0,0,1,0,0,0,0,1,0
"1578",1,59,2,28.3,17.1,0,0,0,0,0,0,1,0,0,0,0,0,1,0,0,0,0,1
"1588",1,66,2,43,23.3,0,0,0,0,0,0,1,0,0,0,1,0,0,0,0,1,0,0
"1598",1,35,3,45.1,76.3,0,0,0,0,0,0,1,0,0,0,0,1,0,0,0,0,1,0
"1605",2,28,3,20.5,21.6,0,0,0,1,0,0,0,0,0,0,1,0,0,0,0,1,0,0
"1610",1,72,3,20.9,19.6,0,0,0,1,0,0,0,0,0,0,0,0,0,1,0,0,0,0
"1626",2,45,3,80.9,80.9,1,0,0,1,0,0,0,0,0,0,0,0,1,0,0,0,0,1
"1630",4,42,2,39.7,19.6,0,0,0,0,0,0,0,0,0,0,0,1,0,0,0,0,1,0
"1647",1,22,3,76.3,84.2,0,0,0,0,0,0,0,1,0,0,0,0,0,1,0,0,0,0
"1653",3,50,3,31.6,81,4,0,1,0,0,0,0,0,0,0,0,0,1,0,0,0,0,1
"1655",4,49,3,32,13.2,0,0,0,1,0,0,0,0,0,0,1,0,0,0,0,1,0,0
"1667",1,55,4,28.3,60.3,0,1,0,0,0,0,0,0,0,0,1,0,0,0,0,1,0,0
"1694",2,64,3,28.7,26.9,0,0,0,0,0,0,0,0,0,0,0,0,0,0,1,0,0,0
"1697",2,60,2,61.4,56.9,0,0,0,0,0,0,0,0,0,0,0,0,0,0,1,0,0,0
"1699",9,50,1,25.2,12.6,4,0,1,0,0,0,0,0,0,0,1,0,0,0,0,1,0,0
"1706",5,24,2,27,26.1,0,0,0,0,0,0,0,0,0,0,1,0,0,0,0,1,0,0
"1713",10,81,2,32,25.1,0,0,0,0,0,0,0,0,0,0,1,0,0,0,0,1,0,0
"1714",5,59,2,28.3,13.6,0,0,0,0,0,0,0,1,0,0,0,1,0,0,0,0,1,0
"1728",1,50,3,39.7,65.3,0,0,0,0,0,0,0,0,0,1,1,0,0,0,0,1,0,0
"1744",3,67,2,62.6,46.6,0,0,0,0,0,0,0,0,0,0,0,0,1,0,0,0,0,1
"1755",1,32,4,88,82.5,0,0,0,0,0,0,0,0,0,0,0,0,0,1,0,0,0,0
"1770",3,67,3,46,47.9,0,0,0,1,0,0,0,0,0,0,0,0,0,1,0,0,0,0
"1781",2,76,3,32,39.7,0,0,0,0,0,0,0,0,0,0,0,0,1,0,0,0,0,1
"1789",3,19,3,39.7,21.6,0,0,0,0,0,0,0,0,0,0,0,0,1,0,0,0,0,1
"1790",1,58,3,27.2,71.7,0,0,0,0,0,0,0,0,0,0,0,0,1,0,0,0,0,1
"1798",2,31,4,86.6,80.9,0,0,0,0,0,0,0,0,0,0,0,1,0,0,0,0,1,0
"1799",2,21,3,69.3,71,0,0,0,0,0,0,0,0,0,0,0,0,1,0,0,0,0,1
"1824",1,29,3,57.1,51.5,0,0,0,0,1,0,0,0,0,0,1,0,0,0,0,1,0,0
"1829",1,59,3,84.5,59.1,0,0,0,0,0,1,0,0,0,0,0,1,0,0,0,0,1,0
"1834",8,72,3,38.3,61.4,4,0,1,0,0,0,0,0,0,0,0,0,0,0,1,0,0,0
"1839",4,68,3,31.1,35.5,0,0,0,0,0,0,0,0,0,0,1,0,0,0,0,1,0,0
"1840",3,30,3,35.3,29.4,0,0,0,0,1,0,0,0,0,0,1,0,0,0,0,1,0,0
"1846",1,78,3,27.1,35.8,0,0,0,0,0,0,0,0,1,0,0,1,0,0,0,0,1,0
"1853",1,46,4,65.3,24.2,1,0,0,0,0,0,0,0,0,0,0,1,0,0,0,0,1,0
"1854",2,28,3,58.4,80.9,0,0,0,0,0,0,0,0,0,0,0,0,1,0,0,0,0,1
"1862",2,35,3,68,39.7,0,0,0,0,0,0,0,0,0,0,0,0,1,0,0,0,0,1
"1864",1,30,3,38.3,21.8,0,0,0,0,0,0,0,0,0,0,1,0,0,0,0,1,0,0
"1873",6,44,2,25,24.6,0,0,0,0,0,0,0,0,0,0,1,0,0,0,0,1,0,0
"1875",2,39,2,67.7,84.2,0,0,0,0,0,0,0,0,0,0,0,0,1,0,0,0,0,1
"1876",5,54,3,32,38.8,0,0,0,0,0,0,0,0,0,0,0,1,0,0,0,0,1,0
"1880",2,34,3,57.4,19.6,0,0,0,0,0,0,0,0,0,0,0,0,0,1,0,0,0,0
"1893",2,55,3,46.5,22.4,0,0,0,0,0,0,0,0,1,0,0,0,1,0,0,0,0,1
"1895",2,39,3,76.3,75.5,0,0,0,0,0,0,0,1,0,0,0,0,0,1,0,0,0,0
"1904",1,61,4,57.8,73.4,4,0,0,0,0,0,1,0,0,0,0,0,0,1,0,0,0,0
"1906",4,74,3,80.9,64.2,4,0,1,0,0,0,0,0,0,0,1,0,0,0,0,1,0,0
"1913",7,46,4,64.5,38.8,0,0,0,0,1,0,0,0,0,0,0,0,1,0,0,0,0,1
"1917",1,67,2,31,24.2,0,0,0,0,0,0,1,0,0,0,0,0,1,0,0,0,0,1
"1921",1,47,3,61.4,76.3,1,0,0,0,1,0,0,0,0,0,1,0,0,0,0,1,0,0
"1924",4,55,5,91.1,56.9,0,0,0,0,1,0,0,0,0,0,0,0,0,1,0,0,0,0
"1925",2,32,3,92.8,25.7,0,1,0,0,0,0,0,0,0,0,0,0,0,1,0,0,0,0
"1949",0,45,4,57.5,84.2,0,0,0,0,0,0,0,0,1,0,1,0,0,0,0,1,0,0
"1972",1,32,3,32,89.4,1,0,0,0,0,1,0,0,0,0,0,1,0,0,0,0,1,0
"1973",10,24,2,23.3,12.6,0,0,0,0,0,1,0,0,0,0,1,0,0,0,0,1,0,0
"1991",2,26,4,67.8,73.6,0,0,0,0,1,0,0,0,0,0,0,0,0,1,0,0,0,0
"1992",1,36,4,84.5,64.5,2,0,0,0,0,1,0,0,0,0,0,0,1,0,0,0,0,1
"1997",4,62,3,38.8,20.8,4,0,0,1,0,0,0,0,0,0,0,0,1,0,0,0,0,1
"2000",5,59,4,92.8,71.4,1,0,0,1,0,0,0,0,0,0,0,0,0,1,0,0,0,0
"2011",2,28,4,85,89.4,0,0,0,1,0,0,0,0,0,0,0,0,1,0,0,0,0,1
"2026",6,70,3,48.4,14.8,1,0,0,0,0,0,0,0,1,0,0,0,0,1,0,0,0,0
"2037",2,47,3,28.7,38.8,0,0,0,1,0,0,0,0,0,0,0,0,1,0,0,0,0,1
"2038",0,88,2,23.3,26.8,0,0,0,1,0,0,0,0,0,0,0,0,1,0,0,0,0,1
"2042",2,55,2,62.7,24.6,0,0,0,1,0,0,0,0,0,0,0,0,1,0,0,0,0,1
"2044",1,56,3,21.5,13.6,0,0,0,1,0,0,0,0,0,0,0,0,1,0,0,0,0,1
"2058",2,28,3,67.7,59.1,0,0,0,1,0,0,0,0,0,0,0,0,0,1,0,0,0,0
"2077",2,59,3,28.3,38.8,0,0,0,0,0,0,0,1,0,0,0,0,0,0,1,0,0,0
"2082",4,74,2,31.2,26.8,0,0,0,0,0,0,0,1,0,0,0,0,0,0,1,0,0,0
"2091",2,49,1,23.3,19.6,0,0,0,0,0,0,0,1,0,0,0,0,0,0,1,0,0,0
"2098",11,55,3,17.5,12.6,0,0,0,0,0,0,0,1,0,0,0,0,0,0,1,0,0,0
"2110",1,65,2,35.3,13.2,0,0,0,0,0,0,0,1,0,0,0,0,0,0,1,0,0,0
"2120",11,68,3,66.4,27,0,0,0,0,0,0,0,1,0,0,0,0,0,1,0,0,0,0
"2128",1,57,4,57.8,35.8,0,0,0,0,0,0,0,1,0,0,0,1,0,0,0,0,1,0
"2141",6,73,1,59,46.5,0,1,0,0,0,0,0,0,0,0,0,0,0,0,0,0,0,0
"2143",1,68,4,85.2,27,2,0,0,0,0,0,1,0,0,0,0,0,0,0,0,0,0,0
"2152",5,81,1,39.9,46.5,0,0,0,0,0,0,0,1,0,0,0,0,0,0,0,0,0,0
"2156",4,34,4,67.7,24.2,0,0,0,0,0,0,0,1,0,0,0,0,0,1,0,0,0,0
"2169",3,62,3,48.3,32,0,0,0,0,0,0,0,1,0,0,0,0,1,0,0,0,0,1
"2170",3,41,3,77.4,39.7,0,0,0,0,0,0,0,1,0,0,0,0,1,0,0,0,0,1
"2172",1,31,4,84.5,80.9,0,0,0,0,0,0,0,1,0,0,0,0,0,0,1,0,0,0
"2177",1,29,2,59.1,38.8,0,0,0,0,0,0,0,1,0,0,0,0,1,0,0,0,0,1
"2185",4,80,4,22.9,26.8,0,0,0,0,0,0,0,1,0,0,0,0,1,0,0,0,0,1
"2189",2,60,3,72.5,82.5,0,0,0,0,0,0,0,1,0,0,0,0,1,0,0,0,0,1
"2190",1,75,3,68,84.2,0,0,0,0,0,0,0,1,0,0,0,1,0,0,0,0,1,0
"2191",0,41,3,67.7,23.7,0,0,0,0,0,0,0,1,0,0,0,1,0,0,0,0,1,0
"2193",3,29,3,71.8,21.8,1,0,0,0,0,0,0,1,0,0,0,1,0,0,0,0,1,0
"2202",2,63,3,35.8,39.7,0,0,0,0,0,0,0,1,0,0,0,1,0,0,0,0,1,0
"2210",1,45,3,20.5,20.1,0,0,0,0,0,0,0,1,0,0,0,0,0,1,0,0,0,0
"2234",1,44,2,41,21.6,0,0,0,0,0,0,0,1,0,0,0,1,0,0,0,0,1,0
"2254",9,61,1,39.9,13.6,0,0,0,0,0,0,0,1,0,0,0,0,1,0,0,0,0,1
"2261",1,67,3,33.9,12.6,0,0,0,1,0,0,0,0,0,0,0,1,0,0,0,0,1,0
"2278",3,68,3,39.7,38.8,0,0,0,1,0,0,0,0,0,0,0,0,1,0,0,0,0,1
"2294",4,35,3,32,46.6,0,0,0,0,0,0,0,1,0,0,0,0,1,0,0,0,0,1
"2315",0,63,4,46,61.4,4,0,0,0,0,1,0,0,0,0,0,0,0,1,0,0,0,0
"2335",2,65,3,59.8,38.3,0,0,0,0,0,0,0,1,0,0,0,0,1,0,0,0,0,1
"2336",3,27,4,92.8,92.8,4,0,0,1,0,0,0,0,0,0,0,0,1,0,0,0,0,1
"2337",1,43,3,35.3,80.9,0,0,0,0,0,0,0,1,0,0,0,1,0,0,0,0,1,0
"2343",1,31,3,36.4,84.2,0,0,0,0,0,0,0,1,0,0,0,0,1,0,0,0,0,1
"2346",1,38,3,82.5,38.3,0,0,0,1,0,0,0,0,0,0,0,0,1,0,0,0,0,1
"2353",2,82,2,27,13.6,0,0,0,0,0,0,0,1,0,0,0,0,1,0,0,0,0,1
"2354",2,82,3,53.6,35.1,0,0,0,0,0,0,0,1,0,0,1,0,0,0,0,1,0,0
"2356",3,65,3,53.6,62.9,0,0,0,0,0,0,0,1,0,0,0,1,0,0,0,0,1,0
"2382",2,19,4,77.4,61.4,4,0,1,0,0,0,0,0,0,0,0,0,0,0,1,0,0,0
"2383",2,69,2,67.7,77.4,0,0,0,0,0,0,0,0,1,0,0,0,0,1,0,0,0,0
"2388",5,65,2,67.8,59.1,0,0,0,0,0,0,1,0,0,0,0,0,0,1,0,0,0,0
"2392",0,71,5,52.5,62.7,2,0,0,0,0,1,0,0,0,0,0,0,1,0,0,0,0,1
"2393",3,47,5,30.8,34.6,0,0,0,0,0,0,0,1,0,0,0,1,0,0,0,0,1,0
"2394",2,41,4,71.8,38.8,0,0,0,0,0,0,0,0,0,1,0,0,0,1,0,0,0,0
"2410",4,76,2,39.9,28.6,0,0,0,0,0,0,0,1,0,0,0,1,0,0,0,0,1,0
"2463",4,69,3,53.6,59.8,0,1,0,0,0,0,0,0,0,0,0,0,0,0,0,0,0,0
"2473",2,81,2,50.4,35.8,1,0,0,0,0,0,0,0,0,1,0,0,0,0,1,0,0,0
"2476",2,30,3,32.7,23.8,0,1,0,0,0,0,0,0,0,0,0,0,1,0,0,0,0,1
"2480",6,70,3,39.9,13.2,0,1,0,0,0,0,0,0,0,0,0,0,0,0,0,0,0,0
"2489",2,69,3,26.8,26.8,0,1,0,0,0,0,0,0,0,0,0,0,0,0,1,0,0,0
"2490",11,32,3,82.5,84.2,0,1,0,0,0,0,0,0,0,0,0,0,0,1,0,0,0,0
"2491",2,77,3,43,61.4,0,0,0,0,0,0,0,0,0,0,0,1,0,0,0,0,1,0
"2494",4,68,1,20.7,12.6,0,1,0,0,0,0,0,0,0,0,0,1,0,0,0,0,1,0
"2523",7,18,3,62.9,20.7,0,1,0,0,0,0,0,0,0,0,0,0,1,0,0,0,0,1
"2527",1,36,3,82.5,80.9,0,0,0,0,0,0,0,0,0,1,0,0,1,0,0,0,0,1
"2533",1,24,1,32,25.7,4,0,1,0,0,0,0,0,0,0,0,1,0,0,0,0,1,0
"2537",2,70,3,33.7,81,0,1,0,0,0,0,0,0,0,0,0,1,0,0,0,0,1,0
"2553",1,63,3,43,21.6,2,1,0,0,0,0,0,0,0,0,1,0,0,0,0,1,0,0
"2555",3,79,3,92.8,38.8,1,0,0,0,0,0,0,0,0,0,0,1,0,0,0,0,1,0
"2562",2,52,3,32,39.7,0,0,0,0,0,0,0,0,0,0,0,0,1,0,0,0,0,1
"2567",1,39,4,53.8,38.3,0,0,0,0,0,0,0,1,0,0,0,0,1,0,0,0,0,1
"2575",3,72,3,43,24.6,0,0,0,0,0,0,0,1,0,0,0,1,0,0,0,0,1,0
"2587",1,21,3,65.3,26.1,0,0,0,0,0,0,0,1,0,0,0,0,1,0,0,0,0,1
"2597",1,52,3,32,38.3,0,0,0,0,0,0,0,1,0,0,0,0,0,1,0,0,0,0
"2617",5,68,2,24.6,19.6,0,0,0,0,0,0,0,0,0,0,0,0,1,0,0,0,0,1
"2623",4,23,2,19.2,39.7,0,0,0,0,0,0,0,0,0,0,0,0,1,0,0,0,0,1
"2625",11,72,3,25.4,13.6,0,0,0,0,0,0,0,0,0,0,0,0,0,0,1,0,0,0
"2628",2,40,4,65.3,87.9,4,0,1,0,0,0,0,0,0,0,0,0,0,1,0,0,0,0
"2649",1,47,2,20.7,21.6,4,0,0,0,0,0,0,0,0,0,0,0,1,0,0,0,0,1
"2653",2,42,3,82.5,80.9,0,0,0,0,0,0,0,0,0,0,0,1,0,0,0,0,1,0
"2662",2,28,4,67.7,62.1,0,0,0,0,0,0,0,0,0,0,0,0,0,1,0,0,0,0
"2664",1,61,5,65.3,67.7,3,0,0,0,0,0,0,0,0,0,0,0,0,1,0,0,0,0
"2672",2,36,4,73.6,84.2,2,0,0,0,0,0,0,0,0,0,0,0,1,0,0,0,0,1
"2679",4,27,3,43,18.8,0,0,0,0,0,0,0,0,0,0,0,0,1,0,0,0,0,1
"2685",1,33,3,14,12.6,0,0,0,0,0,0,0,0,0,0,0,0,1,0,0,0,0,1
"2688",1,36,4,68.6,84,0,0,0,0,0,0,0,0,0,0,0,0,1,0,0,0,0,1
"2702",2,87,5,26.8,39.7,0,1,0,0,0,0,0,0,0,0,0,0,1,0,0,0,0,1
"2712",2,51,3,26.8,21.6,0,0,0,0,0,0,0,0,0,0,0,0,1,0,0,0,0,1
"2713",1,61,3,75.5,38.3,0,0,0,0,0,0,0,0,1,0,0,1,0,0,0,0,1,0
"2723",2,79,3,23.3,26.8,0,0,0,0,0,0,0,0,0,0,0,0,0,0,1,0,0,0
"2731",1,84,3,37.6,38.8,2,0,0,0,0,0,0,0,0,0,0,0,0,0,1,0,0,0
"2736",3,67,3,52.4,58.2,0,0,0,0,0,0,0,0,0,0,0,0,1,0,0,0,0,1
"2740",1,59,3,52.3,26.5,4,0,1,0,0,0,0,0,0,0,1,0,0,0,0,1,0,0
"2745",1,61,2,60.1,80.9,3,0,0,0,0,0,0,0,0,0,0,0,0,1,0,0,0,0
"2755",5,20,3,24.2,24.2,0,1,0,0,0,0,0,0,0,0,0,1,0,0,0,0,1,0
"2758",5,60,1,58.1,26.9,4,0,1,0,0,0,0,0,0,0,0,0,1,0,0,0,0,1
"2761",1,23,3,43,69.3,4,0,0,0,0,0,0,0,0,0,0,0,1,0,0,0,0,1
"2771",3,50,3,56.9,38.8,0,0,0,0,0,0,0,0,0,0,0,0,1,0,0,0,0,1
"2777",2,67,2,39.9,38.8,0,0,0,0,0,0,0,0,1,0,0,0,0,0,0,0,0,0
"2781",2,42,3,43,24.2,0,0,0,0,0,0,0,0,1,0,0,0,0,0,1,0,0,0
"2794",3,31,5,92.8,26.8,0,0,0,0,0,0,0,0,1,0,0,0,0,0,1,0,0,0
"2796",4,39,2,62.6,80.9,2,0,1,0,0,0,0,0,0,0,0,0,1,0,0,0,0,1
"2802",2,44,2,86.1,26.9,0,0,0,0,0,0,0,0,1,0,0,1,0,0,0,0,1,0
"2806",3,69,2,39.9,26.8,4,0,0,0,0,0,0,0,0,0,0,0,0,0,0,0,0,0
"2821",5,55,2,65.1,21.8,0,0,0,0,0,0,0,0,1,0,0,1,0,0,0,0,1,0
"2836",12,65,2,25.2,13.6,0,0,0,0,0,0,0,0,1,0,1,0,0,0,0,1,0,0
"2839",9,67,3,20.8,39.7,0,0,1,0,0,0,0,0,0,0,0,0,0,0,1,0,0,0
"2845",2,55,4,65.3,74.8,0,0,0,0,0,0,0,0,1,0,0,0,1,0,0,0,0,1
"2848",1,32,3,64.5,41.8,0,0,0,0,0,0,0,0,1,0,0,0,0,1,0,0,0,0
"2850",2,58,3,39.2,36.9,0,0,0,0,0,0,0,0,1,0,0,0,1,0,0,0,0,1
"2862",2,36,3,39.2,24.2,0,0,0,0,0,0,0,0,0,1,0,1,0,0,0,0,1,0
"2864",3,50,3,50.4,69.3,0,0,0,0,0,0,0,1,0,0,0,0,0,1,0,0,0,0
"2868",7,47,2,39.9,17.1,4,0,0,0,0,0,1,0,0,0,0,0,0,0,0,0,0,0
"2877",5,32,2,20.5,24.2,0,0,0,0,0,0,0,0,0,1,0,0,1,0,0,0,0,1
"2891",1,22,2,31.4,32,4,0,0,0,0,0,0,0,0,1,0,0,1,0,0,0,0,1
"2898",1,39,2,46.2,35.8,0,0,0,0,0,0,0,0,0,1,0,1,0,0,0,0,1,0
"2918",2,64,2,36.7,31.9,0,0,0,0,0,0,0,0,0,1,0,1,0,0,0,0,1,0
"2938",4,26,3,54.6,62.4,0,0,0,0,1,0,0,0,0,0,1,0,0,0,0,1,0,0
"2947",0,19,4,49.6,84.2,0,0,0,0,1,0,0,0,0,0,1,0,0,0,0,1,0,0
"2957",1,52,4,46.5,23.3,0,0,0,0,0,0,1,0,0,0,0,1,0,0,0,0,1,0
"2961",2,58,3,18.8,39.7,2,0,0,0,1,0,0,0,0,0,0,1,0,0,0,0,1,0
"2970",2,58,3,65.3,38.3,2,0,0,0,0,1,0,0,0,0,0,0,1,0,0,0,0,1
"2971",2,66,3,39.7,26.8,3,0,0,0,0,0,1,0,0,0,0,0,0,1,0,0,0,0
"2978",3,50,1,31.6,26.5,4,0,1,0,0,0,0,0,0,0,0,0,1,0,0,0,0,1
"2997",10,27,4,42.9,35.4,0,0,0,0,1,0,0,0,0,0,0,0,1,0,0,0,0,1
"3004",1,36,3,25.2,71.8,0,0,0,0,1,0,0,0,0,0,0,1,0,0,0,0,1,0
"3006",1,31,3,39.9,20.8,0,0,0,0,1,0,0,0,0,0,0,0,1,0,0,0,0,1
"3016",4,41,3,32,12.6,4,0,1,0,0,0,0,0,0,0,0,0,1,0,0,0,0,1
"3043",4,32,3,17.1,23.3,0,0,0,0,0,0,1,0,0,0,1,0,0,0,0,1,0,0
"3052",9,73,1,14,12.4,0,0,0,0,0,0,1,0,0,0,0,1,0,0,0,0,1,0
"3063",2,69,3,21.5,39.7,0,0,0,0,0,0,1,0,0,0,1,0,0,0,0,1,0,0
"3093",3,62,3,65.3,43,0,0,0,0,0,0,1,0,0,0,0,0,0,0,1,0,0,0
"3102",0,64,2,36.4,76.3,1,0,0,0,0,0,0,0,0,0,0,0,0,1,0,0,0,0
"3114",5,44,2,64.9,21.8,0,0,0,0,0,0,0,1,0,0,1,0,0,0,0,1,0,0
"3127",3,56,3,92.8,84.2,1,0,0,0,1,0,0,0,0,0,0,0,0,0,0,0,0,0
"3142",10,68,2,20.7,14,4,0,0,0,0,0,1,0,0,0,0,0,0,0,1,0,0,0
"3144",3,53,3,75.2,38.8,0,0,0,0,0,0,1,0,0,0,0,0,1,0,0,0,0,1
"3153",2,63,3,46,75.5,0,0,0,0,1,0,0,0,0,0,0,1,0,0,0,0,1,0
"3156",3,73,3,20.7,23.8,0,0,0,0,0,0,1,0,0,0,0,0,0,1,0,0,0,0
"3157",3,54,4,50.4,81,2,0,0,0,0,0,1,0,0,0,0,0,1,0,0,0,0,1
"3170",1,50,2,46.5,37.6,1,0,0,0,1,0,0,0,0,0,0,0,1,0,0,0,0,1
"3186",1,49,3,83.8,84.2,0,0,0,0,0,0,1,0,0,0,0,1,0,0,0,0,1,0
"3203",4,36,4,32,21.8,0,0,0,0,0,0,0,0,0,1,0,0,1,0,0,0,0,1
"3211",1,45,3,71.8,60.5,0,0,0,0,0,0,0,0,0,1,0,1,0,0,0,0,1,0
"3215",4,28,2,84,21.6,0,0,0,0,0,0,0,0,0,1,0,0,1,0,0,0,0,1
"3220",1,46,3,36.7,37.9,0,0,0,0,0,0,0,0,0,1,0,0,1,0,0,0,0,1
"3246",1,47,3,46.6,21.6,0,0,0,0,0,0,0,0,0,1,0,0,1,0,0,0,0,1
"3248",10,61,1,28.7,13.6,0,0,0,0,0,0,0,0,0,1,0,0,1,0,0,0,0,1
"3252",3,66,3,59.1,25,0,1,0,0,0,0,0,0,0,0,1,0,0,0,0,1,0,0
"3261",4,71,3,26.8,25,0,0,0,0,0,0,0,0,0,0,0,0,0,1,0,0,0,0
"3262",2,38,3,50.1,36.9,0,0,0,0,0,0,0,0,0,1,0,0,1,0,0,0,0,1
"3273",2,56,4,35.4,68.6,0,0,0,0,0,0,0,0,0,0,0,0,1,0,0,0,0,1
"3274",3,87,3,18.8,14,1,0,0,0,0,0,1,0,0,0,0,0,1,0,0,0,0,1
"3280",4,70,2,92,38.8,0,1,0,0,0,0,0,0,0,0,0,0,0,1,0,0,0,0
"3292",3,45,3,62.9,62.9,0,0,0,0,0,0,0,0,0,1,0,0,0,0,1,0,0,0
"3302",1,25,4,80.7,70.5,1,0,0,0,0,0,0,1,0,0,0,0,0,1,0,0,0,0
"3321",2,19,2,45.4,39.7,0,0,0,0,0,0,0,0,1,0,0,0,0,0,1,0,0,0
"3327",3,70,3,50.4,61.4,0,0,0,0,0,0,0,0,1,0,0,0,1,0,0,0,0,1
"3370",3,62,2,31.2,21.6,1,0,0,0,0,0,0,0,0,0,0,0,0,0,1,0,0,0
"3374",2,28,3,31,20.7,0,0,0,0,0,0,0,0,0,0,0,0,1,0,0,0,0,1
"3388",1,74,4,43,43,0,0,0,0,0,0,0,1,0,0,0,0,1,0,0,0,0,1
"3398",2,69,2,42.8,20.1,0,0,0,0,0,0,0,0,0,0,0,0,0,0,1,0,0,0
"3405",3,61,3,46.5,37.6,0,0,0,0,0,0,0,0,0,0,0,0,0,0,1,0,0,0
"3414",1,43,2,23.3,21.6,1,1,0,0,0,0,0,0,0,0,0,0,1,0,0,0,0,1
"3417",9,62,3,21,13.6,0,1,0,0,0,0,0,0,0,0,0,1,0,0,0,0,1,0
"3428",1,25,3,32,65.3,0,1,0,0,0,0,0,0,0,0,0,0,1,0,0,0,0,1
"3430",1,49,4,32,84.2,0,1,0,0,0,0,0,0,0,0,0,0,1,0,0,0,0,1
"3435",4,50,3,25,13.2,0,1,0,0,0,0,0,0,0,0,0,0,0,0,0,0,0,0
"3443",2,29,3,38.1,25,0,1,0,0,0,0,0,0,0,0,0,0,0,0,1,0,0,0
"3445",3,52,3,18.6,26.8,0,1,0,0,0,0,0,0,0,0,0,0,1,0,0,0,0,1
"3451",1,33,2,51.8,38.3,0,1,0,0,0,0,0,0,0,0,0,0,0,0,0,0,0,0
"3483",9,66,2,39.9,62,0,0,0,0,0,0,0,1,0,0,0,0,0,0,1,0,0,0
"3499",2,66,2,26.8,13.2,0,0,0,0,0,0,0,1,0,0,0,0,1,0,0,0,0,1
"3501",7,62,1,28.7,13.6,0,0,0,0,0,0,0,1,0,0,0,0,1,0,0,0,0,1
"3505",1,54,3,36.4,39.7,0,0,0,0,0,0,0,1,0,0,0,0,1,0,0,0,0,1
"3506",2,53,2,23.3,24.6,1,0,0,0,0,0,0,1,0,0,0,0,1,0,0,0,0,1
"3512",1,51,3,51.8,38.8,0,0,0,1,0,0,0,0,0,0,0,0,1,0,0,0,0,1
"3523",0,29,3,26.8,70.5,0,0,0,0,0,1,0,0,0,0,0,0,1,0,0,0,0,1
"3528",3,72,3,23.3,38.8,1,0,0,0,0,1,0,0,0,0,0,0,1,0,0,0,0,1
"3531",3,61,3,59.8,46.5,1,0,0,0,0,1,0,0,0,0,0,0,0,0,1,0,0,0
"3534",3,50,2,23.7,12.6,1,0,0,0,0,1,0,0,0,0,0,0,1,0,0,0,0,1
